userid,hotel
1.0,56,17,60,39,6
2.0,43,52,16,34,32
3.0,56,60,17,39,66
4.0,43,16,34,32,40
5.0,13,3,45,15,14
6.0,38,64,54,16,32
7.0,56,17,60,39,6
8.0,53,11,8,29,65
9.0,56,60,17,39,4
10.0,55,10,24,61,58
11.0,56,60,17,39,4
12.0,59,10,24,61,58
13.0,17,39,4,46,26
14.0,56,17,60,39,6
15.0,17,39,4,46,26
16.0,17,60,39,6,26
17.0,17,60,39,26,66
18.0,59,55,10,24,61
19.0,60,39,6,46,26
20.0,55,10,24,61,58
21.0,43,52,16,34,32
22.0,56,17,60,39,6
23.0,13,3,45,15,14
24.0,56,17,60,6,26
25.0,13,3,45,15,14
26.0,17,60,39,6,46
27.0,56,60,17,39,4
28.0,56,17,39,41,6
29.0,56,17,39,4,46
30.0,59,55,10,61,24
31.0,53,11,8,65,29
32.0,13,3,15,14,57
33.0,56,17,60,39,41
34.0,37,38,64,54,16
35.0,43,52,16,34,32
36.0,2,20,27,36,9
37.0,2,20,27,36,9
38.0,56,17,39,6,18
39.0,13,3,45,15,14
40.0,53,11,8,65,22
41.0,59,55,10,24,61
42.0,39,41,6,46,18
43.0,53,11,8,65,29
44.0,11,8,65,29,22
45.0,37,38,64,54,16
46.0,13,3,15,14,57
47.0,56,17,39,4,26
48.0,13,3,45,15,57
49.0,13,3,45,15,14
50.0,59,55,10,24,61
51.0,38,64,54,16,32
52.0,53,11,8,65,22
53.0,39,6,26,18,41
54.0,53,11,8,29,65
55.0,2,27,36,9,21
56.0,56,60,39,4,26
57.0,38,64,54,16,32
58.0,59,55,10,24,61
59.0,56,60,17,4,46
60.0,38,64,54,16,32
61.0,17,60,39,6,46
62.0,2,20,27,36,9
63.0,17,60,39,6,46
64.0,59,55,10,24,58
65.0,63,43,52,34,32
66.0,53,8,65,29,22
67.0,13,3,45,15,14
68.0,63,43,52,16,34
69.0,17,60,39,6,26
70.0,17,60,39,6,26
71.0,63,43,52,16,32
72.0,56,17,60,6,46
73.0,56,17,60,39,6
74.0,63,43,52,16,34
75.0,45,15,14,12,47
76.0,17,60,39,6,26
77.0,55,10,24,61,58
78.0,3,45,15,14,57
79.0,13,3,45,15,14
80.0,56,17,60,6,26
81.0,59,55,10,24,61
82.0,3,13,45,14,15
83.0,38,64,54,16,32
84.0,56,17,39,4,26
85.0,11,8,29,65,22
86.0,56,17,60,39,6
87.0,59,55,10,24,61
88.0,17,60,39,6,26
89.0,3,45,15,14,57
90.0,38,64,54,16,32
91.0,38,64,54,16,32
92.0,63,43,52,16,34
93.0,56,17,60,39,41
94.0,59,55,10,24,61
95.0,38,64,54,16,32
96.0,38,64,54,16,32
97.0,11,8,65,29,22
98.0,2,20,36,21,9
99.0,56,17,60,39,6
100.0,56,17,60,39,6
101.0,20,27,36,9,21
102.0,56,17,39,46,26
103.0,59,24,55,10,23
104.0,13,3,45,15,14
105.0,56,17,60,39,41
106.0,13,3,45,15,14
107.0,56,17,60,39,6
108.0,43,52,16,34,32
109.0,56,60,39,4,46
110.0,56,60,17,39,4
111.0,56,60,39,6,26
112.0,43,52,16,34,32
113.0,56,17,60,39,41
114.0,59,55,10,24,61
115.0,56,60,39,6,26
116.0,56,17,60,39,6
117.0,3,45,15,14,57
118.0,13,3,45,15,14
119.0,13,3,45,15,14
120.0,56,17,60,39,6
121.0,55,10,24,61,58
122.0,63,43,52,34,32
123.0,56,17,60,41,6
124.0,56,17,60,6,26
125.0,3,15,14,57,12
126.0,53,11,8,65,29
127.0,13,3,45,15,14
128.0,59,24,55,61,23
129.0,56,17,60,39,6
130.0,59,55,10,24,61
131.0,59,55,24,61,58
132.0,11,8,65,29,1
133.0,20,27,36,9,21
134.0,60,39,6,46,26
135.0,56,17,60,39,6
136.0,53,11,8,65,29
137.0,56,17,60,39,6
138.0,13,45,15,14,12
139.0,56,60,17,39,4
140.0,17,60,39,26,18
141.0,37,38,54,16,32
142.0,59,55,10,23,42
143.0,13,3,45,15,14
144.0,56,17,60,39,6
145.0,56,17,60,39,6
146.0,56,17,39,6,26
147.0,2,27,36,9,21
148.0,56,17,60,39,6
149.0,63,43,52,16,34
150.0,55,10,24,61,23
151.0,17,60,39,6,26
152.0,17,60,39,6,46
153.0,39,6,46,26,18
154.0,55,24,61,58,23
155.0,56,17,39,6,46
156.0,37,64,54,16,32
157.0,56,60,17,39,4
158.0,56,60,17,39,4
159.0,13,3,15,57,12
160.0,13,3,45,15,14
161.0,56,17,60,39,6
162.0,13,45,14,57,12
163.0,63,52,16,32,40
164.0,13,3,15,57,12
165.0,59,24,55,10,61
166.0,13,45,15,14,57
167.0,53,11,8,29,22
168.0,60,39,6,26,18
169.0,63,43,52,16,34
170.0,3,13,45,14,15
171.0,56,39,6,18,66
172.0,11,8,29,22,1
173.0,59,55,10,24,61
174.0,53,11,29,65,22
175.0,37,38,64,54,16
176.0,17,60,39,6,18
177.0,56,17,60,46,26
178.0,53,11,29,65,22
179.0,11,8,65,29,22
180.0,56,17,60,39,6
181.0,59,55,10,24,61
182.0,43,52,16,34,40
183.0,56,17,60,39,6
184.0,17,60,39,6,46
185.0,59,55,10,61,23
186.0,13,3,45,15,14
187.0,17,60,39,6,46
188.0,59,55,10,24,61
189.0,20,27,36,21,9
190.0,56,17,60,39,46
191.0,56,60,17,39,4
192.0,53,11,8,65,29
193.0,3,45,15,14,57
194.0,2,20,27,36,9
195.0,63,43,52,16,34
196.0,56,17,60,39,6
197.0,43,16,34,32,40
198.0,56,60,39,6,26
199.0,56,17,39,4,46
200.0,59,24,55,10,61
201.0,43,52,34,32,40
202.0,52,16,34,32,40
203.0,17,60,39,41,6
204.0,39,6,18,66,41
205.0,56,39,6,26,18
206.0,56,39,6,26,18
207.0,43,52,16,34,40
208.0,56,60,39,6,26
209.0,56,17,60,6,46
210.0,60,39,7
211.0,56,17,60,39,6
212.0,17,6,26,18,66
213.0,56,17,60,39,6
214.0,56,17,60,39,6
215.0,17,60,39,6,26
216.0,37,38,54,16,32
217.0,3,13,14,15,57
218.0,53,11,8,65,22
219.0,13,3,45,15,14
220.0,43,52,16,32,40
221.0,63,52,34,32,40
222.0,38,64,54,16,32
223.0,13,3,45,15,57
224.0,38,64,54,16,32
225.0,56,17,60,39,41
226.0,38,64,54,16,32
227.0,2,20,27,9,21
228.0,59,55,10,24,61
229.0,37,38,64,54,16
230.0,17,60,39,6,46
231.0,17,60,26,18,66
232.0,17,60,39,6,46
233.0,59,55,10,61,58
234.0,63,43,52,16,40
235.0,13,3,45,15,14
236.0,56,17,60,39,6
237.0,56,17,60,39,6
238.0,53,11,8,29,22
239.0,17,60,39,6,26
240.0,56,17,60,39,6
241.0,38,64,54,16,32
242.0,2,20,27,21,8
243.0,56,17,60,39,6
244.0,13,3,45,15,14
245.0,13,3,45,15,14
246.0,59,55,10,61,24
247.0,56,17,60,39,6
248.0,17,60,39,6,46
249.0,56,60,17,39,4
250.0,13,15,3,45,47
251.0,59,24,61,58,23
252.0,63,43,16,34,32
253.0,17,60,39,6,26
254.0,56,60,39,6,46
255.0,37,38,64,54,32
256.0,56,17,60,39,6
257.0,17,39,6,26,18
258.0,56,17,60,6,18
259.0,17,60,39,6,26
260.0,38,64,54,16,32
261.0,63,43,16,34,32
262.0,59,55,10,24,61
263.0,38,64,54,16,32
264.0,13,3,45,14,57
265.0,63,43,52,16,34
266.0,60,39,6,26,18
267.0,13,15,3,45,47
268.0,59,55,61,58,23
269.0,56,17,39,6,46
270.0,2,20,27,36,9
271.0,56,17,60,39,6
272.0,59,55,10,24,58
273.0,17,60,39,6,26
274.0,60,39,6,26,18
275.0,17,60,39,6,46
276.0,56,17,60,39,6
277.0,56,17,60,39,6
278.0,56,17,60,39,6
279.0,56,17,60,39,6
280.0,56,17,60,39,6
281.0,24,55,10,61,42
282.0,63,43,52,16,34
283.0,13,3,45,15,14
284.0,43,52,16,34,32
285.0,56,17,60,39,6
286.0,17,39,4,26,66
287.0,20,27,36,9,21
288.0,13,3,45,15,14
289.0,59,24,55,61,23
290.0,56,60,17,39,4
291.0,63,43,16,34,32
292.0,56,17,60,39,6
293.0,63,43,52,16,32
294.0,39,6,46,18,66
295.0,17,60,39,6,26
296.0,56,17,60,39,6
297.0,59,10,24,61,58
298.0,37,38,54,16,32
299.0,13,3,45,15,14
300.0,60,39,6,26,18
301.0,53,11,65,29,22
302.0,56,17,39,4,26
303.0,13,15
304.0,13,3,45,15,14
305.0,53,11,8,65,22
306.0,60,6,26,18,66
307.0,59,55,10,24,58
308.0,17,60,6,46,26
309.0,13,3,45,15,14
310.0,17,60,39,6,26
311.0,3,13,45,14,15
312.0,43,52,16,34,32
313.0,56,17,60,6,26
314.0,20,27,36,9,21
315.0,38,64,54,16,32
316.0,56,17,60,39,6
317.0,11,8,65,22,1
318.0,53,11,8,65,22
319.0,56,60,17,39,4
320.0,56,17,60,39,6
321.0,56,17,60,39,41
322.0,53,11,8,65,29
323.0,11,8,29,22,1
324.0,56,17,39,6,46
325.0,56,17,60,39,6
326.0,38,64,54,16,32
327.0,20,27,36,9,21
328.0,60,17,39,4,46
329.0,13,3,45,15,57
330.0,56,17,60,39,46
331.0,63,43,16,34,32
332.0,13,3,45,15,14
333.0,3,45,47,14,57
334.0,56,17,60,46,26
335.0,56,17,60,39,6
336.0,56,17,60,39,6
337.0,56,17,39,6,26
338.0,56,17,60,39,6
339.0,17,60,39,41,6
340.0,11,8,29,65,22
341.0,53,11,8,65,29
342.0,59,55,10,24,61
343.0,17,6,46,26,18
344.0,37,38,54,16,32
345.0,56,60,17,39,46
346.0,53,11,8,29,65
347.0,60,39,41,6,46
348.0,55,10,24,61,23
349.0,37,38,64,54,16
350.0,56,60,39,6,46
351.0,45,15,14,57,12
352.0,17,60,39,41,6
353.0,63,43,16,34,40
354.0,11,8,29,65,22
355.0,13,45,15,14,57
356.0,59,55,10,24,61
357.0,17,39,4,26,66
358.0,56,60,39,6,46
359.0,17,60,39,6,46
360.0,60,39,6,46,26
361.0,56,60,17,39,4
362.0,53,11,65,29,22
363.0,56,17,60,39,6
364.0,56,60,17,39,4
365.0,17,39,6,46,26
366.0,17,39,6,26,18
367.0,17,4,26,66,6
368.0,2,27,36,9,8
369.0,20,27,36,9,21
370.0,56,60,17,39,4
371.0,59,24,10,61,23
372.0,60,39,6,26,18
373.0,13,45,15,14,57
374.0,56,17,60,39,6
375.0,13,3,45,15,14
376.0,59,55,24,61,23
377.0,56,60,39,6,26
378.0,56,17,60,6,46
379.0,56,60,39,6,26
380.0,13,3,14,57,12
381.0,59,24,55,10,61
382.0,15,47,45,14,12
383.0,56,39,4,46,26
384.0,17,60,39,6,18
385.0,56,60,17,39,4
386.0,56,60,17,39,4
387.0,56,17,60,39,41
388.0,11,65,29,22,1
389.0,38,64,54,16,32
390.0,39,6,46,26,18
391.0,2,27,36,9,21
392.0,56,17,60,39,6
393.0,56,60,39,41,6
394.0,59,10,61,24,25
395.0,17,60,39,6,26
396.0,59,55,10,61,23
397.0,20,27,36,9,21
398.0,59,55,24,61,58
399.0,3,45,15,14,57
400.0,3,13,45,15,14
401.0,13,3,45,15,14
402.0,3,13,45,14,15
403.0,60,39,6,18,66
404.0,60,39,6,46,26
405.0,53,11,29,22,1
406.0,37,38,64,54,16
407.0,56,39,6,46,26
408.0,59,55,10,24,58
409.0,63,43,52,16,34
410.0,17,60,39,6,46
411.0,13,3,45,15,14
412.0,38,64,54,16,32
413.0,20,27,36,9,21
414.0,56,17,60,6,46
415.0,60,39,6,46,26
416.0,60,39,6,46,26
417.0,15,3,45,14,12
418.0,13,3,45,15,14
419.0,56,17,60,39,41
420.0,59,24,55,61,23
421.0,63,43,52,16,34
422.0,56,17,60,39,6
423.0,63,43,52,16,32
424.0,56,17,60,39,6
425.0,56,17,60,39,6
426.0,38,64,54,16,32
427.0,56,17,60,39,6
428.0,37,64,54,16,32
429.0,60,17,39,4,46
430.0,39,6,26,18,66
431.0,56,17,60,39,6
432.0,17,60,39,41,6
433.0,17,60,39,6,46
434.0,13,3,45,15,14
435.0,38,64,54,16,32
436.0,2,20,27,36,9
437.0,2,20,27,36,21
438.0,59,55,10,24,61
439.0,17,39,6,26,18
440.0,37,38,64,16,32
441.0,56,17,60,39,6
442.0,13,3,45,15,14
443.0,39,6,26,18,66
444.0,60,39,6,26,18
445.0,56,17,60,39,6
446.0,60,39,4,46,26
447.0,39,6,46,26,18
448.0,17,60,39,6,26
449.0,37,38,64,54,16
450.0,13,3,45,15,14
451.0,15,47,45,14,12
452.0,56,17,60,39,6
453.0,13,3,45,15,14
454.0,60,39,41,6,18
455.0,59,10,24,61,58
456.0,59,55,10,24,61
457.0,56,17,60,39,6
458.0,56,17,60,39,46
459.0,6,26,18,66,41
460.0,37,38,54,16,32
461.0,10,24,61,58,23
462.0,60,39,6,46,26
463.0,17,60,39,6,26
464.0,13,3,45,15,14
465.0,56,17,39,41,6
466.0,56,17,60,39,6
467.0,56,17,60,39,41
468.0,59,55,10,24,61
469.0,13,3,45,15,14
470.0,17,39,6,46,26
471.0,13,45,15,14,57
472.0,56,17,60,39,26
473.0,3,13,45,14,57
474.0,56,17,60,39,41
475.0,53,11,8,65,22
476.0,56,60,39,6,26
477.0,53,11,8,65,22
478.0,17,60,39,6,26
479.0,56,60,17,39,4
480.0,59,24,55,10,23
481.0,56,17,60,39,6
482.0,56,17,60,39,6
483.0,59,55,10,24,61
484.0,56,60,17,39,4
485.0,60,39,6,26,18
486.0,56,17,60,6,26
487.0,59,24,55,10,61
488.0,56,17,39,4,46
489.0,13,45,15,57,12
490.0,13,3,45,15,57
491.0,43,52,16,34,32
492.0,63,43,52,16,34
493.0,37,38,54,16,34
494.0,38,64,54,16,32
495.0,63,43,52,34,32
496.0,43,52,16,34,32
497.0,56,17,60,6,46
498.0,13,3,45,15,14
499.0,56,17,60,39,6
500.0,3,13,45,14,15
501.0,59,55,10,24,61
502.0,63,43,16,34,32
503.0,13,3,15,14,57
504.0,11,8,65,22,1
505.0,59,55,10,24,61
506.0,17,60,39,6,26
507.0,54,16,32,40,43
508.0,59,55,10,24,58
509.0,59,55,10,24,61
510.0,13,3,45,14,57
511.0,13,3,45,15,14
512.0,56,60,39,6,26
513.0,56,60,17,39,4
514.0,17,60,39,6,46
515.0,56,17,60,6,26
516.0,59,55,24,61,58
517.0,56,17,60,39,6
518.0,37,64,54,16,32
519.0,17,60,6,26,18
520.0,56,17,39,6,46
521.0,17,39,6,26,18
522.0,56,17,39,6,26
523.0,39,6,46,18,41
524.0,59,55,10,61,58
525.0,37,38,64,54,16
526.0,17,60,39,6,18
527.0,43,16,40,52,32
528.0,56,17,39,6,26
529.0,63,43,52,16,34
530.0,13,3,45,14,57
531.0,56,17,60,39,6
532.0,56,17,60,39,6
533.0,13,3,45,15,14
534.0,13,3,45,15,57
535.0,56,17,60,39,26
536.0,59,55,10,61,24
537.0,56,60,39,6,26
538.0,13,3,45,15,14
539.0,38,64,54,16,32
540.0,56,17,60,39,6
541.0,11,8,65,29,22
542.0,56,17,60,39,6
543.0,2,20,27,36,9
544.0,59,55,10,24,61
545.0,56,17,60,39,6
546.0,56,17,39,26,66
547.0,59,55,10,24,61
548.0,56,17,60,39,46
549.0,2,20,36,21,9
550.0,59,55,10,24,61
551.0,56,17,60,39,6
552.0,17,6,46,26,18
553.0,39,4,46,6,41
554.0,53,11,65,29,22
555.0,17,39,4,46,66
556.0,53,11,8,65,29
557.0,63,52,16,34,32
558.0,63,16,34,40,32
559.0,17,39,6,26,18
560.0,56,17,60,39,6
561.0,59,55,10,24,61
562.0,53,11,8,29,65
563.0,59,10,24,61,25
564.0,56,17,60,39,18
565.0,13,3,45,15,14
566.0,55,10,24,61,58
567.0,56,17,60,39,6
568.0,56,17,60,39,6
569.0,17,60,39,6,26
570.0,56,17,60,39,6
571.0,56,60,17,39,4
572.0,59,10,24,61,58
573.0,38,64,54,16,32
574.0,56,17,60,6,26
575.0,3,13,45,14,15
576.0,56,39,41,6,18
577.0,59,24,55,61,23
578.0,56,17,60,6,26
579.0,17,60,39,6,18
580.0,63,43,16,34,40
581.0,20,27,36,21,9
582.0,56,17,60,39,6
583.0,56,17,60,39,6
584.0,13,3,45,15,14
585.0,13,3,45,14,57
586.0,59,55,24,61,58
587.0,56,17,60,39,6
588.0,59,10,24,61,58
589.0,39,4,66,6,41
590.0,56,17,60,39,6
591.0,2,27,36,9,21
592.0,13,3,45,15,14
593.0,59,55,10,24,58
594.0,17,39,4,66,6
595.0,39,6,26,18,66
596.0,38,64,54,16,34
597.0,56,17,39,6,46
598.0,59,55,10,24,61
599.0,53,11,8,65,29
600.0,56,17,39,6,46
601.0,56,17,60,39,6
602.0,56,17,60,39,46
603.0,59,55,10,24,25
604.0,45,15,14,57,12
605.0,63,43,52,16,34
606.0,59,55,10,24,61
607.0,2,27,36,9,21
608.0,17,60,39,6,26
609.0,59,10,24,61,23
610.0,63,43,52,16,34
611.0,13,3,45,15,14
612.0,53,11,8,65,22
613.0,38,64,54,16,32
614.0,17,60,39,6,46
615.0,63,43,52,16,34
616.0,3,45,15,14,57
617.0,56,17,60,39,6
618.0,17,60,6,46,26
619.0,13,3,45,15,57
620.0,43,52,16,34,40
621.0,39,6,46,26,18
622.0,63,52,16,34,32
623.0,17,60,39,6,26
624.0,63,43,52,16,34
625.0,3,13,45,15,14
626.0,56,60,17,39,4
627.0,3,13,45,14,57
628.0,43,52,16,34,40
629.0,13,45,15,14,57
630.0,53,11,8,29,65
631.0,63,43,52,34,40
632.0,13,3,45,15,57
633.0,24,55,61,23,44
634.0,56,60,6,26,18
635.0,13,3,45,15,14
636.0,60,39,6,46,26
637.0,13,3,45,15,14
638.0,43,52,16,34,40
639.0,17,60,39,41,6
640.0,37,38,64,54,16
641.0,53,11,8,29,65
642.0,56,60,39,6,26
643.0,20,27,36,9,21
644.0,38,64,54,16,32
645.0,17,60,39,6,46
646.0,59,10,24,61,58
647.0,17,60,39,26,18
648.0,13,3,45,15,14
649.0,13,3,15,14,57
650.0,63,52,16,34,32
651.0,63,43,52,34,32
652.0,63,43,52,16,34
653.0,39,6,46,26,18
654.0,59,55,24,61,25
655.0,13,3,45,15,57
656.0,56,17,60,39,41
657.0,59,55,10,61,24
658.0,17,39,6,46,26
659.0,59,55,10,24,61
660.0,56,60,39,6,26
661.0,13,3,45,15,14
662.0,13,3,45,15,14
663.0,17,60,39,6,26
664.0,56,17,60,39,41
665.0,54,16,32,34,40
666.0,59,55,10,61,23
667.0,37,38,64,54,16
668.0,37,38,64,54,16
669.0,13,3,45,15,14
670.0,59,55,10,24,58
671.0,2,20,27,36,9
672.0,56,17,60,39,6
673.0,63,43,52,16,34
674.0,53,11,8,65,22
675.0,38,64,54,16,32
676.0,56,17,60,6,26
677.0,38,64,54,16,32
678.0,2,20,27,36,21
679.0,13,3,45,15,57
680.0,43,52,16,34,32
681.0,63,43,16,34,40
682.0,56,17,39,41,6
683.0,53,11,29,65,22
684.0,56,17,60,39,6
685.0,59,24,55,10,61
686.0,3,45,15,14,57
687.0,59,55,10,24,61
688.0,13,45,15,14,57
689.0,38,64,54,16,32
690.0,55,10,24,61,58
691.0,55,10,24,61,58
692.0,59,55,10,24,61
693.0,2,20,27,36,21
694.0,39,6,26,18,66
695.0,2,27,36,9,21
696.0,56,17,60,39,6
697.0,37,38,64,54,16
698.0,56,60,39,6,18
699.0,2,20,36,21,27
700.0,56,17,60,39,6
701.0,39,6,26,18,66
702.0,56,60,17,39,4
703.0,38,64,54,16,32
704.0,59,55,10,24,61
705.0,37,38,64,54,16
706.0,3,15,14,57,12
707.0,3,45,15,14,57
708.0,17,60,39,6,26
709.0,56,60,17,39,4
710.0,56,60,17,39,4
711.0,13,3,45,15,14
712.0,59,55,10,24,61
713.0,13,3,45,15,14
714.0,3,13,45,14,15
715.0,59,55,10,24,61
716.0,56,17,60,39,6
717.0,24,55,10,23,42
718.0,39,6,46,26,18
719.0,20,27,36,21,9
720.0,56,17,60,6,26
721.0,2,36,9,21,8
722.0,59,55,10,24,61
723.0,20,27,36,9,21
724.0,2,20,27,36,21
725.0,20,36,9,21,27
726.0,56,17,60,6,26
727.0,17,60,39,6,26
728.0,56,17,60,39,6
729.0,37,38,64,54,16
730.0,56,17,60,39,6
731.0,56,17,6,26,18
732.0,13,3,15,14,57
733.0,56,39,6,46,26
734.0,56,17,60,39,6
735.0,13,3,45,15,14
736.0,56,17,39,6,26
737.0,13,3,45,15,14
738.0,56,60,17,39,4
739.0,20,27,36,9,21
740.0,56,60,17,39,4
741.0,13,45,15,14,57
742.0,17,60,39,6,26
743.0,59,55,10,24,61
744.0,63,43,52,16,34
745.0,59,55,10,24,61
746.0,13,45,15,14,57
747.0,17,60,6,26,66
748.0,63,43,52,16,34
749.0,56,17,60,41,18
750.0,4,66,6,41
751.0,17,60,39,6,46
752.0,59,55,24,61,58
753.0,56,39,6,26,18
754.0,53,11,8,65,22
755.0,17,60,39,6,46
756.0,2,20,27,36,9
757.0,37,38,64,54,16
758.0,59,55,10,24,61
759.0,56,60,17,39,4
760.0,59,55,10,24,61
761.0,59,55,10,24,61
762.0,56,17,60,39,26
763.0,56,60,17,39,4
764.0,13,3,45,15,14
765.0,53,11,8,65,29
766.0,17,39,6,26,18
767.0,13,3,45,14,57
768.0,56,17,60,39,6
769.0,56,17,60,39,6
770.0,17,39,6,46,26
771.0,56,17,60,6,26
772.0,56,60,17,39,4
773.0,39,6,18,66,41
774.0,59,55,10,24,61
775.0,60,39,6,46,26
776.0,56,17,60,39,6
777.0,43,52,16,32,40
778.0,56,17,60,39,26
779.0,11,29,65,22,1
780.0,13,3,45,15,14
781.0,17,39,4,26,66
782.0,60,6,26,18,41
783.0,3,45,15,14,57
784.0,11,8,65,29,22
785.0,17,60,39,6,46
786.0,17,60,39,6,26
787.0,13,3,45,15,14
788.0,17,39,6,26,18
789.0,13,3,45,15,14
790.0,17,60,39,6,46
791.0,56,17,60,39,6
792.0,63,43,16,40,52
793.0,56,17,60,39,6
794.0,17,60,39,41,6
795.0,13,3,45,15,14
796.0,2,20,27,36,9
797.0,59,55,10,61,24
798.0,17,60,39,41,6
799.0,56,60,17,4,46
800.0,3,45,15,14,57
801.0,56,17,60,39,6
802.0,56,17,60,39,6
803.0,20,27,36,9,21
804.0,56,17,60,39,6
805.0,38,64,54,16,32
806.0,37,38,64,54,16
807.0,56,17,60,39,6
808.0,63,43,52,16,34
809.0,59,55,10,24,61
810.0,63,43,52,34,32
811.0,56,17,60,39,6
812.0,59,24,55,10,61
813.0,56,17,39,6,46
814.0,56,17,60,39,6
815.0,17,60,6,26,18
816.0,17,60,41,6,18
817.0,37,38,64,54,16
818.0,59,55,10,61,23
819.0,60,17,39,4,26
820.0,59,55,10,24,61
821.0,17,60,6,46,26
822.0,2,20,27,36,21
823.0,56,17,60,39,6
824.0,56,17,6,26,18
825.0,17,39,6,46,26
826.0,56,17,60,39,6
827.0,3,13,45,14,15
828.0,43,52,16,34,32
829.0,56,17,60,39,41
830.0,56,17,60,39,6
831.0,60,39,6,46,18
832.0,56,17,60,39,6
833.0,13,3,45,15,14
834.0,17,39,6,46,26
835.0,3,13,45,14,57
836.0,56,60,41,6,46
837.0,17,60,39,6,26
838.0,53,11,65,29,22
839.0,56,17,39,6,26
840.0,56,17,60,18,26
841.0,55,10,24,61,58
842.0,56,17,60,39,41
843.0,39,6,26,18,66
844.0,56,60,17,39,4
845.0,38,64,54,16,32
846.0,59,55,24,61,58
847.0,38,64,54,16,32
848.0,60,39,4,46,26
849.0,56,60,6,46,26
850.0,17,60,6,18,66
851.0,17,60,39,6,46
852.0,13,3,45,15,14
853.0,59,55,10,61,24
854.0,56,17,60,39,6
855.0,63,43,52,16,34
856.0,38,64,54,16,32
857.0,43,52,16,34,32
858.0,63,43,52,34,40
859.0,59,55,10,24,61
860.0,15,3,47,45,12
861.0,39,6,26,18,41
862.0,59,55,10,24,61
863.0,13,3,45,15,14
864.0,17,60,39,6,46
865.0,13,3,45,15,14
866.0,20,27,36,9,21
867.0,59,10,24,61,58
868.0,56,17,60,39,6
869.0,59,55,10,24,61
870.0,56,17,60,39,6
871.0,37,38,64,54,16
872.0,56,17,60,39,6
873.0,56,17,60,39,6
874.0,56,17,60,39,6
875.0,63,43,52,16,34
876.0,17,39,6,26,18
877.0,13,3,45,15,14
878.0,63,43,52,32,40
879.0,39,6,46,26,18
880.0,53,8,29,65,22
881.0,59,55,10,24,61
882.0,56,17,60,6,26
883.0,17,60,39,6,26
884.0,63,43,52,16,40
885.0,37,64,54,16,32
886.0,56,60,39,6,26
887.0,56,17,60,39,6
888.0,3,13,14,15,57
889.0,13,3,45,15,14
890.0,56,60,17,39,4
891.0,56,17,60,39,6
892.0,17,60,39,6,26
893.0,53,11,8,29,65
894.0,37,38,54,16,32
895.0,56,17,60,39,6
896.0,56,17,39,6,26
897.0,3,45,15,14,57
898.0,13,3,45,15,14
899.0,56,17,60,6,46
900.0,37,38,64,16,34
901.0,17,60,39,41,6
902.0,2,20,36,9,21
903.0,59,55,10,24,61
904.0,63,43,52,16,32
905.0,55,10,61,24,25
906.0,53,11,29,65,22
907.0,56,17,60,39,26
908.0,43,52,16,34,32
909.0,56,39,6,26,18
910.0,56,17,60,39,6
911.0,59,10,24,61,58
912.0,10,24,61,58,23
913.0,59,55,10,61,24
914.0,59,10,24,61,58
915.0,8,29,65,22,1
916.0,2,20,27,36,21
917.0,60,17,39,4,26
918.0,37,38,64,54,16
919.0,17,60,39,6,26
920.0,56,17,60,39,6
921.0,56,60,17,39,4
922.0,56,17,60,39,6
923.0,56,17,39,6,18
924.0,13,15,3,45,14
925.0,63,43,34,32,40
926.0,56,17,60,39,41
927.0,17,60,39,6,46
928.0,56,17,60,39,6
929.0,13,3,45,15,14
930.0,59,24,55,10,61
931.0,59,55,24,61,58
932.0,59,24,55,10,61
933.0,17,60,39,6,26
934.0,11,8,65,29,22
935.0,37,38,64,54,40
936.0,56,17,60,39,6
937.0,56,17,39,6,18
938.0,56,17,60,39,6
939.0,53,8,22,1,10
940.0,56,17,4,26,66
941.0,37,64,54,32,34
942.0,53,11,8,29,65
943.0,56,60,17,39,4
944.0,53,11,8,65,29
945.0,63,43,52,16,34
946.0,56,17,60,39,6
947.0,8,65,29,22,1
948.0,60,17,39,4,46
949.0,56,17,39,4,26
950.0,11,8,65,29,22
951.0,56,60,17,4,46
952.0,55,10,24,61,58
953.0,38,64,54,16,32
954.0,56,17,60,6,26
955.0,17,60,39,6,46
956.0,56,17,60,39,6
957.0,2,20,27,9,21
958.0,56,17,60,39,6
959.0,59,55,10,24,61
960.0,56,17,60,39,6
961.0,56,17,60,39,6
962.0,3,45,15,14,57
963.0,2,20,36,9,21
964.0,59,55,10,24,61
965.0,53,11,8,29,65
966.0,53,11,8,29,65
967.0,56,17,39,4,66
968.0,17,60,39,6,46
969.0,55,10,24,61,58
970.0,63,43,52,16,34
971.0,53,8,65,29,22
972.0,13,3,14,57,12
973.0,56,17,60,39,6
974.0,17,60,39,6,46
975.0,59,55,10,24,61
976.0,13,3,45,15,14
977.0,55,10,24,61,58
978.0,59,24,55,10,61
979.0,56,17,60,39,26
980.0,13,3,45,15,14
981.0,56,17,60,39,6
982.0,56,60,17,39,4
983.0,13,3,45,15,14
984.0,10,24,61,58,23
985.0,53,11,8,29,22
986.0,55,10,61,58,23
987.0,17,60,39,6,46
988.0,59,55,10,24,61
989.0,63,43,52,16,34
990.0,59,55,10,24,61
991.0,56,17,39,6,46
992.0,37,64,54,16,32
993.0,17,60,39,6,46
994.0,17,60,39,6,26
995.0,13,3,45,15,14
996.0,53,11,8,29,65
997.0,56,60,39,6,46
998.0,56,60,17,4,46
999.0,56,17,60,39,6
1000.0,56,17,60,39,6
1001.0,56,17,39,41,46
1002.0,38,64,54,16,32
1003.0,56,17,60,39,6
1004.0,17,60,39,6,26
1005.0,37,38,64,54,16
1006.0,13,15,3,45,47
1007.0,56,17,39,6,26
1008.0,56,17,60,39,6
1009.0,13,45,14,15,57
1010.0,56,17,60,39,41
1011.0,56,17,60,39,41
1012.0,59,24,10,61,23
1013.0,3,45,15,14,57
1014.0,56,60,17,39,4
1015.0,59,55,24,61,58
1016.0,17,60,39,6,46
1017.0,56,17,60,39,26
1018.0,64,54,32,34,40
1019.0,15,3,47,45,14
1020.0,2,27,36,9,21
1021.0,56,17,60,39,41
1022.0,13,3,45,15,14
1023.0,56,60,39,6,26
1024.0,13,3,45,15,14
1025.0,63,52,16,34,40
1026.0,53,11,65,22,1
1027.0,56,17,60,39,6
1028.0,56,60,39,6,18
1029.0,13,3,45,15,57
1030.0,17,60,39,6,26
1031.0,20,36,9,21,8
1032.0,37,38,64,54,16
1033.0,17,6,26,18,66
1034.0,56,60,39,6,46
1035.0,38,64,54,16,32
1036.0,38,64,54,16,32
1037.0,56,60,39,6,46
1038.0,2,20,27,36,21
1039.0,56,17,60,39,6
1040.0,56,17,39,6,26
1041.0,56,17,60,41,6
1042.0,38,64,54,16,32
1043.0,56,17,60,39,41
1044.0,17,60,46,26,18
1045.0,17,60,39,6,46
1046.0,60,17,4,46,26
1047.0,17,60,39,6,26
1048.0,56,17,60,39,6
1049.0,56,17,4,26,66
1050.0,56,17,60,39,6
1051.0,2,20,27,36,9
1052.0,63,43,34,32,40
1053.0,56,17,60,6,26
1054.0,11,8,29,65,22
1055.0,56,17,60,6,26
1056.0,60,39,6,46,26
1057.0,3,45,15,14,57
1058.0,13,3,45,15,57
1059.0,53,11,8,65,22
1060.0,38,64,54,16,32
1061.0,13,3,45,15,14
1062.0,53,11,8,65,29
1063.0,59,55,24,61,58
1064.0,3,13,45,14,57
1065.0,63,43,52,16,32
1066.0,56,17,60,39,6
1067.0,17,60,39,6,26
1068.0,60,17,39,4,26
1069.0,56,60,39,6,26
1070.0,2,20,27,36,9
1071.0,2,20,36,9,21
1072.0,37,64,54,16,32
1073.0,38,64,54,16,32
1074.0,56,17,60,39,41
1075.0,60,39,6,26,18
1076.0,38,64,54,16,32
1077.0,56,17,60,39,6
1078.0,2,20,27,36,9
1079.0,56,17,60,39,6
1080.0,60,17,39,4,46
1081.0,2,20,27,36,9
1082.0,13,3,45,15,14
1083.0,13,3,45,15,14
1084.0,13,3,45,15,57
1085.0,56,17,39,6,26
1086.0,56,17,60,39,6
1087.0,56,17,60,39,6
1088.0,2,20,27,36,9
1089.0,59,55,10,24,61
1090.0,38,64,54,16,32
1091.0,13,3,45,15,14
1092.0,59,24,55,10,61
1093.0,37,38,64,54,16
1094.0,56,60,39,6,46
1095.0,63,52,16,34,40
1096.0,56,17,60,39,6
1097.0,59,55,10,24,61
1098.0,3,13,14,15,12
1099.0,2,20,27,36,21
1100.0,59,55,10,24,58
1101.0,56,60,39,6,46
1102.0,17,60,39,26,66
1103.0,56,17,60,39,6
1104.0,56,17,60,39,6
1105.0,63,43,52,16,34
1106.0,59,55,10,24,61
1107.0,13,45,15,14,57
1108.0,56,17,39,6,18
1109.0,56,17,60,39,6
1110.0,56,17,39,26,18
1111.0,63,43,52,16,34
1112.0,53,11,8,65,29
1113.0,13,3,45,15,14
1114.0,52,16,32,40,4
1115.0,13,3,15,14,57
1116.0,3,13,45,15,57
1117.0,13,3,15,14,57
1118.0,2,20,27,36,21
1119.0,17,60,39,6,26
1120.0,55,24,61,58,23
1121.0,39,6,66,7
1122.0,59,55,10,24,61
1123.0,13,3,45,15,14
1124.0,60,17,39,4,46
1125.0,13,3,45,15,14
1126.0,13,3,45,15,14
1127.0,38,64,54,16,32
1128.0,56,17,39,6,46
1129.0,17,60,39,6,26
1130.0,53,11,8,29,65
1131.0,56,17,60,6,46
1132.0,56,17,60,39,6
1133.0,38,64,54,16,32
1134.0,56,17,60,41,6
1135.0,2,36,9,21,27
1136.0,63,43,16,34,32
1137.0,38,64,54,16,32
1138.0,56,17,39,6,26
1139.0,56,60,17,39,4
1140.0,59,55,10,24,61
1141.0,56,17,60,39,6
1142.0,55,10,24,61,25
1143.0,39,6,26,18,66
1144.0,56,17,60,39,6
1145.0,59,55,24,61,58
1146.0,17,60,39,6,26
1147.0,43,16,40,52,32
1148.0,53,11,8,65,29
1149.0,13,3,45,15,14
1150.0,56,17,60,41,6
1151.0,56,60,17,39,4
1152.0,13,3,15,14,57
1153.0,3,13,45,14,15
1154.0,43,52,16,34,32
1155.0,59,55,10,61,23
1156.0,53,8,65,29,22
1157.0,37,64,16,32,34
1158.0,59,24,55,10,61
1159.0,60,39,6,46,26
1160.0,56,17,60,39,6
1161.0,56,17,60,39,46
1162.0,59,55,24,61,58
1163.0,56,17,60,39,41
1164.0,13,3,15,14,57
1165.0,56,17,60,6,46
1166.0,59,55,10,24,61
1167.0,53,11,8,29,65
1168.0,53,8,65,29,22
1169.0,20,36,9,21,27
1170.0,56,17,60,39,6
1171.0,56,17,60,39,6
1172.0,59,55,10,24,61
1173.0,17,60,39,6,18
1174.0,59,55,10,61,23
1175.0,13,3,45,15,14
1176.0,56,17,60,41,6
1177.0,59,55,10,24,61
1178.0,2,20,27,36,9
1179.0,37,64,54,16,32
1180.0,56,17,60,39,41
1181.0,17,60,39,6,46
1182.0,13,45,15,14,57
1183.0,56,17,60,39,6
1184.0,53,11,65,29,22
1185.0,37,38,64,54,16
1186.0,38,64,54,16,32
1187.0,13,3,45,14,57
1188.0,60,39,6,26,18
1189.0,56,17,26,66,41
1190.0,56,17,60,39,6
1191.0,60,39,6,46,18
1192.0,53,8,65,29,22
1193.0,63,43,52,16,34
1194.0,64,54,16,32,34
1195.0,59,10,24,58,23
1196.0,17,60,39,41,6
1197.0,56,17,60,39,6
1198.0,56,17,60,39,6
1199.0,37,64,54,16,32
1200.0,56,17,60,6,46
1201.0,63,43,52,16,34
1202.0,56,17,60,39,6
1203.0,60,17,39,4,26
1204.0,56,17,60,39,6
1205.0,17,60,39,6,26
1206.0,56,60,6,46,66
1207.0,59,55,10,24,61
1208.0,2,20,27,36,9
1209.0,59,55,10,24,58
1210.0,56,17,60,39,41
1211.0,17,60,6,46,26
1212.0,59,55,10,24,61
1213.0,63,43,16,34,40
1214.0,17,60,39,6,26
1215.0,56,60,39,6,26
1216.0,56,17,60,39,6
1217.0,37,38,64,54,16
1218.0,56,17,60,39,6
1219.0,43,52,16,34,32
1220.0,55,10,24,61,58
1221.0,15,47,45,14,12
1222.0,13,3,45,15,14
1223.0,56,17,60,39,41
1224.0,56,17,60,39,26
1225.0,59,55,24,61,58
1226.0,56,17,60,6,26
1227.0,17,60,39,6,26
1228.0,56,17,60,46,26
1229.0,56,17,60,39,6
1230.0,37,64,54,16,32
1231.0,59,55,10,24,61
1232.0,56,17,60,39,41
1233.0,13,3,45,15,14
1234.0,56,17,60,39,26
1235.0,2,20,27,36,9
1236.0,63,43,52,16,34
1237.0,56,39,41,6,18
1238.0,56,17,60,39,6
1239.0,37,64,54,16,32
1240.0,59,24,61,10,25
1241.0,56,17,60,39,6
1242.0,56,39,6,46,26
1243.0,60,39,6,26,18
1244.0,56,17,39,6,26
1245.0,56,17,60,39,41
1246.0,55,10,24,61,58
1247.0,20,27,36,9,21
1248.0,37,64,54,16,32
1249.0,38,64,16,32,34
1250.0,38,64,54,16,32
1251.0,56,17,6,26,18
1252.0,13,45,15,14,57
1253.0,56,17,60,39,6
1254.0,17,39,41,6,18
1255.0,43,52,16,34,32
1256.0,17,60,39,6,26
1257.0,59,55,10,61,58
1258.0,39,6,18,66,41
1259.0,13,3,15,14,12
1260.0,56,60,17,39,4
1261.0,56,17,60,6,46
1262.0,55,10,24,61,58
1263.0,38,64,54,16,32
1264.0,11,8,29,65,22
1265.0,56,17,60,39,6
1266.0,38,64,16,32,34
1267.0,37,38,64,54,16
1268.0,56,17,60,6,46
1269.0,63,43,52,16,34
1270.0,3,13,45,15,14
1271.0,56,60,39,4,66
1272.0,53,11,8,65,22
1273.0,56,17,39,6,26
1274.0,37,54,16,32,34
1275.0,63,43,52,16,34
1276.0,38,64,54,16,32
1277.0,59,24,55,10,61
1278.0,2,20,27,36,9
1279.0,56,60,17,39,4
1280.0,13,3,45,15,14
1281.0,13,3,45,15,57
1282.0,37,38,64,54,16
1283.0,60,39,6,46,26
1284.0,13,3,45,15,14
1285.0,56,17,60,6,26
1286.0,13,3,45,15,14
1287.0,3,13,45,15,14
1288.0,56,60,17,39,4
1289.0,56,17,60,6,26
1290.0,53,11,8,65,29
1291.0,56,17,60,39,41
1292.0,13,3,45,14,57
1293.0,56,60,39,6,46
1294.0,53,11,8,65,29
1295.0,3,45,15,14,57
1296.0,13,3,45,14,57
1297.0,17,60,39,6,18
1298.0,56,17,39,6,46
1299.0,56,17,60,39,6
1300.0,56,17,60,39,6
1301.0,60,39,6,26,18
1302.0,37,64,54,16,32
1303.0,59,55,10,61,23
1304.0,56,17,60,39,6
1305.0,56,60,17,39,4
1306.0,59,55,10,24,61
1307.0,63,43,16,34,40
1308.0,55,10,24,61,58
1309.0,20,27,36,21,9
1310.0,13,3,45,15,14
1311.0,56,17,60,39,41
1312.0,53,11,8,29,22
1313.0,59,55,10,24,61
1314.0,56,17,60,39,6
1315.0,17,39,6,46,26
1316.0,17,60,39,6,26
1317.0,56,60,17,39,4
1318.0,37,38,64,54,16
1319.0,53,11,8,29,65
1320.0,55,10,61,58,23
1321.0,53,11,8,29,65
1322.0,17,39,6,46,26
1323.0,43,52,16,34,32
1324.0,56,17,39,6,46
1325.0,13,3,15,14,57
1326.0,37,38,64,54,16
1327.0,13,3,15,14,57
1328.0,13,45,14,15,57
1329.0,59,10,24,61,58
1330.0,56,17,60,39,6
1331.0,15,3,45,47,14
1332.0,56,60,17,39,4
1333.0,63,43,52,32,40
1334.0,2,20,27,9,21
1335.0,17,60,6,26,18
1336.0,38,64,54,16,32
1337.0,56,60,17,39,4
1338.0,17,60,39,6,26
1339.0,60,39,6,18,66
1340.0,3,45,15,14,57
1341.0,37,38,64,16,32
1342.0,59,55,10,24,61
1343.0,13,3,45,15,14
1344.0,38,64,54,16,32
1345.0,15,45,47,14,57
1346.0,59,55,10,24,61
1347.0,11,8,65,29,22
1348.0,17,60,39,6,26
1349.0,60,39,6,26,18
1350.0,56,17,60,6,46
1351.0,43,52,16,34,32
1352.0,43,52,16,34,40
1353.0,56,60,17,39,4
1354.0,17,60,39,6,46
1355.0,13,3,45,15,14
1356.0,13,3,45,15,14
1357.0,37,64,54,16,32
1358.0,38,64,54,16,32
1359.0,56,17,60,39,6
1360.0,53,11,8,65,29
1361.0,13,3,15,14,57
1362.0,63,43,34,32,40
1363.0,63,43,16,40,52
1364.0,56,17,60,39,41
1365.0,13,3,45,15,57
1366.0,53,11,8,65,29
1367.0,63,43,16,34,32
1368.0,17,39,4,26,66
1369.0,60,39,4,26,66
1370.0,17,39,6,26,18
1371.0,11,8,29,22,1
1372.0,17,39,6,26,18
1373.0,3,15,14,12,47
1374.0,17,39,6,26,18
1375.0,59,55,10,24,61
1376.0,63,16,32,40,4
1377.0,3,45,15,14,57
1378.0,13,3,45,14,57
1379.0,59,55,10,24,61
1380.0,37,64,54,16,32
1381.0,13,3,45,15,14
1382.0,59,55,10,24,58
1383.0,20,27,36,21,9
1384.0,53,11,8,29,65
1385.0,56,17,39,6,46
1386.0,59,55,10,24,61
1387.0,63,43,52,16,32
1388.0,56,17,60,6,26
1389.0,63,43,16,34,40
1390.0,13,3,15,14,57
1391.0,56,17,60,39,41
1392.0,13,3,45,15,14
1393.0,3,45,15,57,12
1394.0,59,55,10,24,61
1395.0,55,61,23,42,58
1396.0,38,64,54,16,32
1397.0,37,38,64,16,32
1398.0,17,60,39,6,26
1399.0,56,17,60,39,6
1400.0,53,11,8,29,22
1401.0,37,38,16,32,34
1402.0,17,60,39,6,46
1403.0,56,17,60,39,6
1404.0,17,60,39,6,26
1405.0,15,3,45,47,14
1406.0,17,60,6,26,18
1407.0,56,17,6,46,26
1408.0,63,43,52,16,34
1409.0,56,17,60,39,26
1410.0,56,60,17,39,4
1411.0,3,45,15,14,57
1412.0,13,3,45,15,14
1413.0,56,17,60,39,6
1414.0,3,45,15,14,57
1415.0,63,43,52,16,34
1416.0,63,43,52,34,32
1417.0,56,17,60,39,6
1418.0,56,17,60,39,6
1419.0,39,4,26,66,6
1420.0,56,17,60,39,6
1421.0,59,55,10,24,61
1422.0,17,39,6,26,18
1423.0,56,17,60,6,46
1424.0,56,17,60,39,41
1425.0,59,55,24,61,58
1426.0,59,55,10,24,61
1427.0,3,13,45,14,15
1428.0,56,17,60,39,41
1429.0,3,13,45,15,57
1430.0,56,60,39,4,26
1431.0,2,20,27,36,9
1432.0,63,43,52,34,32
1433.0,11,8,29,65,22
1434.0,13,3,15,14,57
1435.0,13,3,15,14,57
1436.0,56,17,60,39,6
1437.0,63,43,52,16,34
1438.0,2,36,9,27,8
1439.0,56,60,39,6,26
1440.0,17,60,39,6,46
1441.0,11,8,65,29,22
1442.0,63,43,52,16,34
1443.0,53,8,65,29,22
1444.0,63,43,52,16,34
1445.0,63,43,16,40,52
1446.0,15,3,45,14,12
1447.0,59,55,10,24,23
1448.0,59,55,10,24,58
1449.0,38,64,54,16,32
1450.0,56,60,39,4,46
1451.0,2,20,27,36,21
1452.0,56,17,60,39,6
1453.0,56,17,60,39,6
1454.0,2,20,27,36,21
1455.0,56,17,60,39,6
1456.0,56,6,26,18,66
1457.0,43,52,16,34,32
1458.0,56,17,60,39,6
1459.0,38,64,54,16,32
1460.0,63,43,52,16,34
1461.0,38,64,54,16,32
1462.0,17,39,6,26,18
1463.0,53,11,8,29,65
1464.0,59,24,55,10,61
1465.0,13,45,15,14,57
1466.0,17,60,39,6,46
1467.0,13,3,45,14,57
1468.0,56,17,60,39,41
1469.0,17,60,39,6,46
1470.0,20,27,36,9,21
1471.0,37,38,64,54,16
1472.0,15,3,45,47,14
1473.0,17,39,26,18,66
1474.0,38,64,54,16,32
1475.0,53,11,8,65,22
1476.0,59,55,10,24,61
1477.0,24,55,10,61,23
1478.0,3,45,15,14,57
1479.0,39,46,26,18,66
1480.0,56,17,60,39,41
1481.0,17,60,39,6,46
1482.0,56,17,39,6,46
1483.0,13,3,15,14,57
1484.0,56,17,60,39,6
1485.0,56,17,60,39,6
1486.0,60,39,6,46,26
1487.0,56,17,60,39,6
1488.0,56,60,39,4,26
1489.0,60,17,39,4,46
1490.0,60,17,39,46,26
1491.0,17,39,4,26,66
1492.0,17,60,39,6,26
1493.0,63,52,16,34,32
1494.0,56,39,4,46,26
1495.0,20,27,9,21,8
1496.0,13,3,45,14,57
1497.0,59,10,24,61,58
1498.0,17,39,4,66,6
1499.0,39,4,26,66,6
1500.0,53,8,65,29,22
1501.0,63,43,52,16,40
1502.0,56,17,39,6,26
1503.0,56,17,60,39,6
1504.0,37,38,54,16,32
1505.0,56,17,39,4,46
1506.0,64,54,16,32,34
1507.0,37,38,54,16,32
1508.0,56,17,39,6,46
1509.0,13,3,45,15,14
1510.0,59,24,55,10,61
1511.0,17,60,39,6,26
1512.0,56,17,39,4,46
1513.0,3,45,15,14,57
1514.0,56,60,39,4,46
1515.0,56,17,60,39,6
1516.0,59,55,10,24,58
1517.0,17,60,39,6,46
1518.0,13,3,45,14,57
1519.0,56,17,60,39,6
1520.0,56,17,60,39,6
1521.0,56,39,4,46,26
1522.0,56,17,60,39,6
1523.0,56,17,60,39,46
1524.0,6,18,41,7
1525.0,59,55,10,24,61
1526.0,59,55,10,24,61
1527.0,43,16,34,32,40
1528.0,2,20,36,9,21
1529.0,56,17,60,39,6
1530.0,63,43,52,32,40
1531.0,3,13,45,14,15
1532.0,2,20,27,36,9
1533.0,13,3,45,15,14
1534.0,20,27,36,9,21
1535.0,59,55,10,24,61
1536.0,17,39,6,26,18
1537.0,56,17,39,41,6
1538.0,56,17,60,39,6
1539.0,56,60,17,39,46
1540.0,56,17,60,39,6
1541.0,56,17,39,4,46
1542.0,38,64,54,16,32
1543.0,56,39,26,66,6
1544.0,56,17,60,39,6
1545.0,59,55,10,61,24
1546.0,3,13,14,57,12
1547.0,56,60,39,41,6
1548.0,56,17,60,39,6
1549.0,64,54,16,32,34
1550.0,56,17,60,39,6
1551.0,11,8,29,65,22
1552.0,3,45,15,14,57
1553.0,13,3,45,15,14
1554.0,37,38,54,16,32
1555.0,17,60,39,6,46
1556.0,56,39,4,46,26
1557.0,53,11,8,29,22
1558.0,63,43,52,16,34
1559.0,17,60,39,6,26
1560.0,3,45,15,14,57
1561.0,60,39,6,26,18
1562.0,56,60,17,39,4
1563.0,17,60,39,6,46
1564.0,56,17,60,39,6
1565.0,59,55,10,61,58
1566.0,56,17,60,39,41
1567.0,3,13,45,14,15
1568.0,63,43,52,16,34
1569.0,56,60,39,41,6
1570.0,53,8,65,29,22
1571.0,59,55,10,24,61
1572.0,56,17,60,39,6
1573.0,56,17,60,39,41
1574.0,15,47,45,14,12
1575.0,11,8,65,29,22
1576.0,56,17,60,39,6
1577.0,63,43,52,16,34
1578.0,43,16,40,52,32
1579.0,39,6,26,18,66
1580.0,38,64,54,16,32
1581.0,3,15,14,57,12
1582.0,55,10,24,61,58
1583.0,37,38,64,54,16
1584.0,38,64,54,16,32
1585.0,56,17,60,39,6
1586.0,11,8,65,29,22
1587.0,45,15,14,57,12
1588.0,2,20,27,36,9
1589.0,37,38,64,54,16
1590.0,17,60,39,6,46
1591.0,56,60,17,39,4
1592.0,38,64,54,16,32
1593.0,63,43,52,16,34
1594.0,60,6,26,18,66
1595.0,17,60,39,6,66
1596.0,15,3,45,47,57
1597.0,53,11,8,65,29
1598.0,56,17,60,39,26
1599.0,13,3,45,15,14
1600.0,17,60,39,41,6
1601.0,56,17,60,46,26
1602.0,15,3,45,47,14
1603.0,56,17,39,6,46
1604.0,56,60,17,39,4
1605.0,59,55,10,24,61
1606.0,59,24,55,10,61
1607.0,13,3,45,15,14
1608.0,3,13,45,15,14
1609.0,2,20,27,36,9
1610.0,56,17,60,39,6
1611.0,3,45,15,14,57
1612.0,17,60,39,6,26
1613.0,11,8,29,22,1
1614.0,56,17,60,6,46
1615.0,56,17,60,39,46
1616.0,56,17,39,6,18
1617.0,63,52,16,34,32
1618.0,63,43,52,16,34
1619.0,56,17,60,46,26
1620.0,15,3,47,45,12
1621.0,20,27,36,9,21
1622.0,63,52,16,34,32
1623.0,13,45,15,14,57
1624.0,20,27,36,9,21
1625.0,13,3,45,14,57
1626.0,3,45,15,14,57
1627.0,11,8,29,65,22
1628.0,59,55,10,24,61
1629.0,59,55,10,61,24
1630.0,59,10,24,61,58
1631.0,13,3,45,15,14
1632.0,13,3,45,15,14
1633.0,17,60,39,6,26
1634.0,59,24,61,58,23
1635.0,56,17,60,39,6
1636.0,2,20,27,36,9
1637.0,17,60,39,41,6
1638.0,56,17,60,39,6
1639.0,37,38,64,54,16
1640.0,17,60,39,26,18
1641.0,56,60,39,41,6
1642.0,53,11,8,29,22
1643.0,59,55,10,24,61
1644.0,17,60,6,26,18
1645.0,13,3,45,15,14
1646.0,13,45,15,14,57
1647.0,56,17,60,39,41
1648.0,56,17,60,39,41
1649.0,20,27,36,9,21
1650.0,56,17,60,39,6
1651.0,17,60,39,6,46
1652.0,17,60,39,6,41
1653.0,56,17,39,26,66
1654.0,63,43,52,16,32
1655.0,63,16,34,32,4
1656.0,56,60,17,39,4
1657.0,56,17,60,39,6
1658.0,55,10,24,61,58
1659.0,17,6,18,66,41
1660.0,56,60,39,6,26
1661.0,56,17,60,39,41
1662.0,59,55,10,24,61
1663.0,60,39,6,18,41
1664.0,56,17,60,6,46
1665.0,56,60,6,26,18
1666.0,53,11,65,29,22
1667.0,54,16,34,43,52
1668.0,63,43,52,16,34
1669.0,37,64,54,16,32
1670.0,63,43,16,34,40
1671.0,17,60,39,6,46
1672.0,56,39,4,46,26
1673.0,56,17,60,41,6
1674.0,13,3,45,15,14
1675.0,63,43,16,34,32
1676.0,63,43,52,16,34
1677.0,56,17,60,39,6
1678.0,2,27,36,21,9
1679.0,3,13,45,14,15
1680.0,59,24,55,10,23
1681.0,13,3,45,15,14
1682.0,63,43,52,34,40
1683.0,56,17,60,39,46
1684.0,59,55,10,24,61
1685.0,60,39,6,46,26
1686.0,60,39,6,46,18
1687.0,13,3,45,15,14
1688.0,56,60,17,4,46
1689.0,38,64,54,16,32
1690.0,13,3,45,15,14
1691.0,13,3,45,15,14
1692.0,56,17,60,46,26
1693.0,11,8,65,29,22
1694.0,56,17,60,41,6
1695.0,13,3,45,15,14
1696.0,13,3,45,15,14
1697.0,63,43,52,16,34
1698.0,39,6,26,18,7
1699.0,20,27,36,9,21
1700.0,38,64,54,16,32
1701.0,11,8,65,22,1
1702.0,56,60,17,4,46
1703.0,59,24,61,58,23
1704.0,17,39,6,26,18
1705.0,17,39,4,26,66
1706.0,53,11,8,29,22
1707.0,13,3,45,15,14
1708.0,17,60,39,6,46
1709.0,38,64,54,16,32
1710.0,56,17,60,6,46
1711.0,56,60,39,6,26
1712.0,56,17,60,39,41
1713.0,43,52,16,32,40
1714.0,59,55,10,61,58
1715.0,56,17,60,39,6
1716.0,13,45,15,14,57
1717.0,3,45,15,57,12
1718.0,20,27,36,9,21
1719.0,13,3,45,14,57
1720.0,56,17,60,6,26
1721.0,38,64,54,16,32
1722.0,55,10,24,61,58
1723.0,63,43,52,34,40
1724.0,13,3,15,14,57
1725.0,38,64,54,16,32
1726.0,59,55,10,24,61
1727.0,56,60,17,4,66
1728.0,37,64,54,16,32
1729.0,3,13,45,14,57
1730.0,17,39,6,26
1731.0,63,52,16,34,32
1732.0,56,17,60,39,26
1733.0,20,27,36,21,9
1734.0,63,43,52,16,34
1735.0,56,17,60,39,6
1736.0,17,39,6,46,18
1737.0,56,17,60,39,6
1738.0,56,17,39,6,26
1739.0,53,11,8,65,29
1740.0,2,20,27,36,9
1741.0,20,27,36,9,21
1742.0,37,64,54,16,32
1743.0,59,55,23,1,31
1744.0,11,8,29,65,22
1745.0,56,60,39,4,26
1746.0,13,3,45,15,14
1747.0,59,55,10,24,61
1748.0,56,17,60,6,46
1749.0,56,17,60,39,6
1750.0,17,39,6,46,26
1751.0,3,13,15,57,12
1752.0,56,17,60,39,6
1753.0,63,34,32,40,4
1754.0,59,55,10,24,61
1755.0,17,39,6,46,26
1756.0,17,60,39,6,26
1757.0,56,60,17,39,26
1758.0,56,17,60,39,41
1759.0,59,55,10,61,58
1760.0,59,55,10,24,61
1761.0,59,55,10,61,25
1762.0,37,64,54,16,32
1763.0,38,64,54,16,32
1764.0,56,17,60,39,26
1765.0,17,39,6,26,18
1766.0,56,17,60,39,6
1767.0,53,11,8,65,22
1768.0,17,60,39,6,26
1769.0,56,17,39,6,46
1770.0,63,43,52,16,34
1771.0,3,45,15,14,57
1772.0,38,64,54,16,32
1773.0,2,20,27,36,9
1774.0,2,27,36,9,21
1775.0,56,17,39,6,46
1776.0,56,17,60,6,46
1777.0,17,60,39,41,6
1778.0,3,45,14,15,57
1779.0,56,39,6,46,26
1780.0,59,24,55,10,61
1781.0,56,60,39,6,46
1782.0,3,13,45,14,15
1783.0,56,60,39,6,46
1784.0,55,10,24,61,58
1785.0,13,45,15,14,57
1786.0,43,52,16,34,40
1787.0,11,8,29,65,22
1788.0,17,39,6,46,26
1789.0,53,11,8,65,29
1790.0,38,64,54,16,32
1791.0,37,38,64,54,16
1792.0,56,60,17,39,4
1793.0,2,20,27,9,21
1794.0,39,6,46,26,18
1795.0,56,17,60,41,6
1796.0,56,17,60,39,6
1797.0,3,45,15,14,57
1798.0,56,17,60,6,18
1799.0,17,60,39,41,6
1800.0,56,17,60,39,6
1801.0,11,8,65,29,22
1802.0,13,3,45,15,14
1803.0,37,38,64,54,16
1804.0,53,11,8,65,29
1805.0,63,43,16,34,32
1806.0,37,38,64,16,32
1807.0,56,17,60,39,6
1808.0,56,17,39,41,6
1809.0,56,17,60,39,6
1810.0,38,64,54,16,32
1811.0,56,17,60,39,6
1812.0,59,55,10,24,61
1813.0,56,17,60,39,41
1814.0,13,3,45,15,14
1815.0,55,10,24,61,58
1816.0,59,10,24,61,58
1817.0,53,11,8,29,22
1818.0,13,3,45,15,14
1819.0,59,24,55,10,61
1820.0,56,17,60,39,6
1821.0,13,45,15,14,57
1822.0,20,27,36,9,21
1823.0,38,64,54,16,32
1824.0,56,17,39,6,46
1825.0,6,46,26,18,66
1826.0,13,3,15,14,57
1827.0,20,27,9,21,8
1828.0,37,64,54,16,32
1829.0,53,11,8,29,65
1830.0,13,3,45,15,14
1831.0,56,17,60,39,6
1832.0,13,3,45,15,14
1833.0,59,55,10,24,61
1834.0,55,10,24,61,58
1835.0,55,10,24,61,58
1836.0,56,39,6,26,18
1837.0,10,24,58,23,42
1838.0,17,39,4,26,66
1839.0,63,43,52,16,34
1840.0,56,17,60,6,46
1841.0,59,55,24,61,58
1842.0,53,11,65,29,22
1843.0,55,10,24,61,58
1844.0,2,20,27,36,9
1845.0,3,45,14,15,57
1846.0,56,17,60,39,6
1847.0,53,8,65,29,22
1848.0,13,45,15,14,57
1849.0,38,64,54,16,32
1850.0,13,3,45,14,57
1851.0,56,17,60,39,6
1852.0,56,17,60,39,46
1853.0,53,11,29,65,22
1854.0,56,17,60,39,6
1855.0,13,3,45,15,14
1856.0,13,3,45,15,14
1857.0,56,17,60,39,6
1858.0,56,17,60,6,46
1859.0,59,10,24,61,58
1860.0,63,43,16,34,32
1861.0,17,60,39,6,46
1862.0,13,15,14,57,12
1863.0,56,17,60,39,6
1864.0,56,17,60,39,6
1865.0,13,3,45,15,57
1866.0,43,52,16,34,32
1867.0,13,3,45,15,14
1868.0,56,60,17,39,4
1869.0,56,60,17,4,26
1870.0,37,38,64,54,16
1871.0,3,45,15,57,12
1872.0,56,17,60,39,6
1873.0,37,38,54,16,32
1874.0,56,17,60,39,46
1875.0,17,60,39,6,18
1876.0,55,10,24,61,58
1877.0,63,43,52,16,34
1878.0,2,20,27,36,9
1879.0,17,60,39,6,26
1880.0,56,17,60,39,6
1881.0,56,17,60,39,6
1882.0,56,60,17,39,26
1883.0,56,17,60,39,46
1884.0,17,39,6,26,18
1885.0,56,60,17,39,4
1886.0,2,20,36,21,9
1887.0,56,17,4,46,26
1888.0,11,8,65,29,22
1889.0,39,41,6,18,26
1890.0,56,17,39,6,26
1891.0,37,64,54,16,32
1892.0,63,43,52,16,32
1893.0,59,55,10,24,61
1894.0,17,60,6,26,18
1895.0,63,43,52,16,34
1896.0,2,20,27,36,21
1897.0,17,60,39,6,26
1898.0,56,17,60,39,6
1899.0,56,60,39,6,46
1900.0,56,60,39,6,26
1901.0,17,60,39,6,26
1902.0,37,38,54,16,32
1903.0,17,39,6,46,26
1904.0,13,3,45,15,14
1905.0,56,17,60,39,6
1906.0,13,3,45,15,14
1907.0,53,11,8,65,29
1908.0,17,39,6,46,26
1909.0,37,38,64,54,16
1910.0,38,64,54,16,32
1911.0,37,38,64,54,16
1912.0,56,17,60,39,46
1913.0,59,24,55,10,61
1914.0,13,3,45,15,14
1915.0,60,39,6,46,26
1916.0,56,17,39,41,6
1917.0,56,17,60,39,6
1918.0,56,17,60,39,6
1919.0,56,17,60,39,6
1920.0,17,6,46,26,18
1921.0,56,17,26,66,6
1922.0,63,52,16,34,32
1923.0,59,55,10,24,61
1924.0,56,60,17,39,4
1925.0,56,17,60,39,6
1926.0,15,47,45,14,12
1927.0,43,52,16,34,32
1928.0,56,17,60,39,41
1929.0,13,45,15,57,12
1930.0,2,20,27,36,9
1931.0,56,60,17,39,4
1932.0,17,60,39,6,26
1933.0,63,43,52,16,34
1934.0,17,60,39,41,6
1935.0,13,3,45,15,14
1936.0,17,60,39,6,46
1937.0,3,45,15,14,57
1938.0,56,17,39,6,46
1939.0,2,20,27,36,21
1940.0,20,27,36,9,21
1941.0,2,20,9,21,27
1942.0,60,4,46,26,66
1943.0,56,17,60,39,6
1944.0,37,38,64,54,16
1945.0,56,60,39,4,46
1946.0,56,60,17,39,26
1947.0,13,3,45,15,14
1948.0,55,10,24,61,23
1949.0,20,27,36,9,21
1950.0,56,17,60,39,6
1951.0,37,38,54,16,34
1952.0,13,3,45,15,14
1953.0,59,55,10,24,61
1954.0,55,24,61,58,23
1955.0,43,52,16,34,32
1956.0,38,64,54,16,32
1957.0,60,39,6,46,18
1958.0,13,3,45,15,14
1959.0,13,3,45,15,57
1960.0,56,17,60,39,41
1961.0,60,17,39,4,26
1962.0,53,11,8,65,29
1963.0,56,17,60,39,6
1964.0,56,17,60,39,6
1965.0,56,17,60,39,6
1966.0,13,3,45,15,14
1967.0,53,8,29,65,22
1968.0,63,43,52,34,32
1969.0,13,45,15,14,57
1970.0,56,17,60,39,6
1971.0,20,27,36,21,9
1972.0,13,3,45,15,14
1973.0,17,39,6,18,66
1974.0,3,45,14,15,57
1975.0,56,17,60,39,46
1976.0,59,55,10,24,61
1977.0,38,64,54,16,32
1978.0,56,17,60,39,6
1979.0,11,8,65,29,22
1980.0,3,45,15,14,57
1981.0,56,17,60,39,6
1982.0,13,3,45,15,14
1983.0,38,64,54,16,32
1984.0,37,38,54,16,32
1985.0,56,17,60,6,46
1986.0,56,17,60,6,26
1987.0,56,17,60,39,6
1988.0,56,17,60,39,6
1989.0,2,20,27,9,21
1990.0,3,13,45,15,14
1991.0,56,17,60,39,6
1992.0,17,60,39,6,46
1993.0,38,64,54,16,32
1994.0,59,61,58,23,42
1995.0,63,43,52,16,34
1996.0,56,17,39,4,46
1997.0,63,52,16,34,40
1998.0,59,55,10,24,61
1999.0,53,11,8,29,65
2000.0,17,60,39,6,46
2001.0,56,17,60,39,6
2002.0,56,17,60,39,41
2003.0,13,3,15,14,57
2004.0,17,60,39,6,46
2005.0,59,55,10,24,61
2006.0,3,13,45,15,57
2007.0,59,24,55,10,61
2008.0,56,17,60,39,6
2009.0,53,11,8,65,29
2010.0,17,60,6,18,66
2011.0,13,3,45,15,14
2012.0,17,39,6,26,18
2013.0,2,20,27,36,21
2014.0,56,60,39,4,26
2015.0,13,3,45,15,57
2016.0,63,43,16,34,32
2017.0,56,17,60,6,26
2018.0,56,17,60,6,46
2019.0,17,60,6,26,18
2020.0,63,43,52,34,40
2021.0,38,64,54,16,32
2022.0,56,17,60,39,6
2023.0,56,17,39,4,46
2024.0,59,10,24,61,58
2025.0,56,17,60,39,6
2026.0,17,60,39,6,26
2027.0,56,17,60,39,6
2028.0,59,55,10,24,61
2029.0,37,38,64,32,34
2030.0,56,17,60,39,6
2031.0,56,17,60,39,46
2032.0,17,39,6,46,26
2033.0,59,55,10,61,58
2034.0,13,3,45,15,14
2035.0,63,43,52,16,34
2036.0,15,3,47,45,14
2037.0,17,60,39,6,26
2038.0,13,3,15,14,57
2039.0,17,39,6,26,18
2040.0,55,10,61,58,23
2041.0,2,20,27,36,21
2042.0,59,55,10,24,61
2043.0,60,39,41,6,46
2044.0,63,43,52,16,34
2045.0,15,3,47,45,14
2046.0,56,17,60,39,6
2047.0,39,6,26,18,66
2048.0,53,8,29,65,22
2049.0,56,17,60,39,6
2050.0,56,17,60,39,6
2051.0,3,13,45,15,14
2052.0,56,39,4,26,66
2053.0,56,17,39,6,46
2054.0,56,60,17,39,4
2055.0,17,60,39,6,46
2056.0,56,17,60,39,6
2057.0,56,17,60,39,6
2058.0,56,17,60,6,26
2059.0,2,20,27,21,9
2060.0,15,3,14,57,12
2061.0,13,45,15,14,57
2062.0,13,3,45,15,14
2063.0,13,3,45,15,14
2064.0,52,16,34,32,40
2065.0,63,43,16,34,32
2066.0,59,55,10,24,61
2067.0,53,11,8,65,29
2068.0,63,43,52,16,34
2069.0,59,55,10,24,61
2070.0,17,60,39,46,26
2071.0,53,11,8,29,65
2072.0,43,52,16,34,32
2073.0,3,45,15,14,57
2074.0,2,20,27,36,9
2075.0,2,20,36,9,27
2076.0,55,10,24,61,58
2077.0,63,43,16,34,32
2078.0,37,64,54,16,32
2079.0,17,60,39,46,26
2080.0,56,17,60,39,6
2081.0,55,10,24,61,58
2082.0,38,64,54,16,32
2083.0,56,17,60,39,6
2084.0,56,17,60,6,46
2085.0,56,17,60,39,6
2086.0,20,27,36,9,21
2087.0,15,47,45,14,12
2088.0,56,60,39,6,26
2089.0,37,38,54,16,32
2090.0,56,17,60,6,26
2091.0,59,55,24,58,23
2092.0,17,60,39,6,26
2093.0,56,17,60,6,46
2094.0,39,6,26,18,66
2095.0,53,11,8,65,22
2096.0,11,8,65,29,22
2097.0,17,60,39,41,6
2098.0,59,55,10,24,61
2099.0,3,13,45,57,12
2100.0,59,55,10,61,24
2101.0,56,17,39,6,18
2102.0,59,55,10,24,58
2103.0,11,8,65,29,22
2104.0,56,17,60,39,46
2105.0,56,17,39,4,26
2106.0,56,17,60,39,46
2107.0,3,47,45,14,12
2108.0,38,64,54,16,32
2109.0,56,17,60,6,46
2110.0,2,20,36,9,21
2111.0,38,64,54,16,32
2112.0,63,43,52,16,34
2113.0,3,45,15,14,57
2114.0,60,17,39,4,26
2115.0,56,60,39,4,46
2116.0,56,60,39,6,46
2117.0,56,17,60,39,6
2118.0,56,17,60,39,46
2119.0,56,17,60,39,6
2120.0,59,55,24,61,58
2121.0,38,64,54,16,32
2122.0,53,8,65,29,22
2123.0,11,8,65,29,22
2124.0,17,39,6,26,18
2125.0,56,17,39,6,26
2126.0,53,11,8,29,22
2127.0,56,17,60,39,6
2128.0,56,17,60,39,6
2129.0,59,55,10,24,61
2130.0,63,43,52,16,34
2131.0,13,3,45,15,57
2132.0,56,17,60,26,18
2133.0,11,8,29,22,1
2134.0,56,60,17,39,46
2135.0,17,6,26,18,66
2136.0,56,17,60,39,26
2137.0,17,60,39,6,26
2138.0,17,60,39,6,46
2139.0,13,45,14,15,57
2140.0,38,64,54,16,32
2141.0,59,24,55,10,61
2142.0,60,39,6,26,18
2143.0,38,64,54,16,32
2144.0,59,10,24,61,58
2145.0,13,3,45,15,14
2146.0,56,17,60,39,6
2147.0,17,60,39,41,6
2148.0,56,17,60,39,41
2149.0,53,11,8,29,65
2150.0,59,55,10,24,61
2151.0,13,3,45,15,14
2152.0,2,27,36,9,21
2153.0,56,17,60,39,6
2154.0,13,15,3,45,47
2155.0,3,45,47,14,57
2156.0,56,17,60,41,6
2157.0,2,20,27,36,9
2158.0,56,17,60,39,6
2159.0,39,46,18,41
2160.0,13,3,45,15,14
2161.0,56,17,60,39,6
2162.0,13,45,15,14,12
2163.0,53,11,29,65,22
2164.0,56,17,60,39,26
2165.0,13,3,45,15,14
2166.0,37,38,64,54,16
2167.0,63,43,16,34,32
2168.0,13,3,45,15,14
2169.0,13,3,45,15,14
2170.0,13,15,3,45,47
2171.0,17,60,39,6,46
2172.0,56,17,60,39,6
2173.0,63,43,52,34,40
2174.0,37,64,54,16,32
2175.0,6,18,66,7
2176.0,56,17,60,39,6
2177.0,56,17,60,39,6
2178.0,17,60,39,6,46
2179.0,59,55,10,24,61
2180.0,13,3,45,15,14
2181.0,2,27,36,9,21
2182.0,3,13,45,14,15
2183.0,56,60,17,39,4
2184.0,56,17,39,6,26
2185.0,63,52,16,34,32
2186.0,59,55,10,24,61
2187.0,56,60,39,6,46
2188.0,56,60,17,39,4
2189.0,17,60,39,6,26
2190.0,43,52,16,34,32
2191.0,53,8,65,29,22
2192.0,13,3,45,14,57
2193.0,3,13,45,15,14
2194.0,59,55,10,24,58
2195.0,13,45,14,57,12
2196.0,56,17,60,39,6
2197.0,38,64,54,16,32
2198.0,59,55,10,24,61
2199.0,59,10,24,61,58
2200.0,56,60,17,4,46
2201.0,13,3,15,14,57
2202.0,56,60,17,39,4
2203.0,56,17,60,39,41
2204.0,59,55,10,24,58
2205.0,37,38,64,16,32
2206.0,56,17,39,6,26
2207.0,56,17,4,46,26
2208.0,56,17,60,39,6
2209.0,56,17,60,39,6
2210.0,63,43,52,34,32
2211.0,56,17,60,39,26
2212.0,56,60,17,39,4
2213.0,56,17,6,46,26
2214.0,37,38,64,54,16
2215.0,3,45,15,14,57
2216.0,56,17,60,39,6
2217.0,56,17,39,6,46
2218.0,17,39,4,46,26
2219.0,3,13,45,14,57
2220.0,60,39,6,18,26
2221.0,56,17,60,39,6
2222.0,3,45,15,14,57
2223.0,56,60,17,4,26
2224.0,37,38,54,16,32
2225.0,60,39,6,46,26
2226.0,59,24,55,10,61
2227.0,13,3,45,15,14
2228.0,3,45,15,14,57
2229.0,59,55,10,24,61
2230.0,53,8,65,29,22
2231.0,17,60,6,18,41
2232.0,56,60,17,39,4
2233.0,13,45,15,14,57
2234.0,56,17,60,39,6
2235.0,56,17,60,6,26
2236.0,20,27,36,21,9
2237.0,59,24,55,10,61
2238.0,15,3,47,45,14
2239.0,56,60,39,4,46
2240.0,37,38,54,16,32
2241.0,13,3,45,15,14
2242.0,13,15,14,57,12
2243.0,60,39,6,46,26
2244.0,60,17,39,4,26
2245.0,63,43,52,34,32
2246.0,56,60,39,6,26
2247.0,38,64,54,16,32
2248.0,56,17,60,39,6
2249.0,13,3,45,15,12
2250.0,56,60,39,4,6
2251.0,59,55,10,24,61
2252.0,13,3,15,14,57
2253.0,37,64,54,16,32
2254.0,3,13,45,14,15
2255.0,56,60,17,39,4
2256.0,59,24,55,10,61
2257.0,56,17,60,39,6
2258.0,17,39,6,26,18
2259.0,59,55,10,24,61
2260.0,59,55,10,24,61
2261.0,17,39,6,26,18
2262.0,13,3,45,15,14
2263.0,13,3,15,57,12
2264.0,53,11,8,65,29
2265.0,60,39,6,46,26
2266.0,13,3,45,15,14
2267.0,59,55,10,24,61
2268.0,56,17,60,39,6
2269.0,55,10,24,61,58
2270.0,3,13,45,14,57
2271.0,17,60,39,6,46
2272.0,64,54,16,32,34
2273.0,59,55,10,24,61
2274.0,56,17,60,39,6
2275.0,13,45,15,14,57
2276.0,56,60,39,41,6
2277.0,38,64,54,16,32
2278.0,37,38,54,16,32
2279.0,17,39,6,46,26
2280.0,37,38,64,54,16
2281.0,17,60,39,41,6
2282.0,37,54,16,32,34
2283.0,56,60,17,39,4
2284.0,59,55,10,24,61
2285.0,38,64,54,16,32
2286.0,2,20,27,36,9
2287.0,37,38,64,54,16
2288.0,56,17,60,39,6
2289.0,56,17,60,39,6
2290.0,56,17,39,41,6
2291.0,2,27,36,9,21
2292.0,59,10,24,61,58
2293.0,17,60,39,6,46
2294.0,59,55,10,24,61
2295.0,17,60,39,6,46
2296.0,63,43,52,16,34
2297.0,15,3,45,47,57
2298.0,59,55,10,24,61
2299.0,56,17,60,39,6
2300.0,56,60,17,39,4
2301.0,56,17,60,39,6
2302.0,13,3,45,15,12
2303.0,59,55,24,61,58
2304.0,56,17,60,6,26
2305.0,56,17,60,6,26
2306.0,56,17,60,6,26
2307.0,13,3,45,15,14
2308.0,17,60,39,6,46
2309.0,13,3,45,15,14
2310.0,56,17,39,4,46
2311.0,56,17,60,39,6
2312.0,56,17,60,6,18
2313.0,2,20,27,36,21
2314.0,56,17,60,39,6
2315.0,3,45,15,14,57
2316.0,59,55,10,24,61
2317.0,56,60,17,39,26
2318.0,38,64,54,16,32
2319.0,55,10,24,61,58
2320.0,3,13,15,14,57
2321.0,60,39,6,46,26
2322.0,17,60,39,41,6
2323.0,56,17,60,39,6
2324.0,56,17,60,39,6
2325.0,13,3,45,15,14
2326.0,37,38,64,54,16
2327.0,59,55,10,61,58
2328.0,37,38,64,54,16
2329.0,56,17,60,39,6
2330.0,59,55,10,24,61
2331.0,13,45,15,14,57
2332.0,37,38,64,54,16
2333.0,20,27,36,9,21
2334.0,56,17,60,39,41
2335.0,56,60,17,39,4
2336.0,59,55,10,24,61
2337.0,17,39,6,18,66
2338.0,13,3,45,15,14
2339.0,56,17,60,6,26
2340.0,63,43,52,16,34
2341.0,59,55,10,61,58
2342.0,53,65,29,22,1
2343.0,17,39,41,6,46
2344.0,37,38,64,54,16
2345.0,60,39,6,26,18
2346.0,63,43,52,34,32
2347.0,37,64,54,16,32
2348.0,13,3,45,14,57
2349.0,59,55,10,61,24
2350.0,11,8,29,65,22
2351.0,13,45,15,57,47
2352.0,17,60,39,6,46
2353.0,60,39,6,46,26
2354.0,59,10,24,61,58
2355.0,56,17,60,39,6
2356.0,63,43,52,16,34
2357.0,63,52,16,34,40
2358.0,59,55,10,24,61
2359.0,2,27,36,21,9
2360.0,63,43,52,16,32
2361.0,59,55,10,24,61
2362.0,53,11,8,29,22
2363.0,59,55,10,24,61
2364.0,3,13,45,14,15
2365.0,56,17,39,41,6
2366.0,17,60,39,6,46
2367.0,13,3,45,15,14
2368.0,37,64,54,16,32
2369.0,37,38,64,54,16
2370.0,60,17,39,4,46
2371.0,59,55,10,24,61
2372.0,56,60,17,39,4
2373.0,53,11,8,65,29
2374.0,63,43,16,32,40
2375.0,56,17,60,39,6
2376.0,56,17,60,39,6
2377.0,13,3,45,15,14
2378.0,53,8,65,29,22
2379.0,56,17,60,46,26
2380.0,59,24,55,10,61
2381.0,56,39,6,18,66
2382.0,56,39,4,26,66
2383.0,60,39,4,26,66
2384.0,59,10,24,61,58
2385.0,63,52,16,34,32
2386.0,3,15,14,57,12
2387.0,13,3,45,14,57
2388.0,56,17,60,39,41
2389.0,38,64,54,16,32
2390.0,55,10,24,61,58
2391.0,43,52,16,34,32
2392.0,13,3,45,15,14
2393.0,3,45,15,14,12
2394.0,17,60,39,6,26
2395.0,56,17,60,39,6
2396.0,56,17,39,4,46
2397.0,3,13,15,57,12
2398.0,59,55,10,24,61
2399.0,53,11,65,29,22
2400.0,2,27,36,9,21
2401.0,53,29,65,22,1
2402.0,39,6,26,18,66
2403.0,56,17,60,39,6
2404.0,17,60,39,6,18
2405.0,17,60,39,6,26
2406.0,2,20,27,36,9
2407.0,13,3,45,14,57
2408.0,13,3,45,15,14
2409.0,2,20,27,21,9
2410.0,56,17,39,6,46
2411.0,13,45,15,14,57
2412.0,55,10,24,61,58
2413.0,3,13,45,14,57
2414.0,13,15,45,47,14
2415.0,56,17,60,39,6
2416.0,17,39,6,26,18
2417.0,56,17,60,39,6
2418.0,56,17,60,39,6
2419.0,56,17,60,39,6
2420.0,56,17,60,39,6
2421.0,63,16,34,32,4
2422.0,24,55,10,61,23
2423.0,39,6,18,41
2424.0,63,43,16,34,40
2425.0,56,60,39,4,26
2426.0,59,10,24,61,58
2427.0,56,60,17,39,4
2428.0,13,3,45,14,57
2429.0,13,3,45,14,57
2430.0,53,11,8,65,29
2431.0,59,55,10,24,61
2432.0,17,60,6,26,66
2433.0,13,3,45,15,14
2434.0,13,3,45,15,14
2435.0,56,17,60,39,6
2436.0,56,17,60,39,26
2437.0,38,64,54,16,32
2438.0,56,17,60,39,6
2439.0,56,60,39,6,26
2440.0,3,45,15,14,57
2441.0,56,60,17,39,4
2442.0,13,45,15,14,57
2443.0,3,13,45,15,57
2444.0,56,17,60,39,6
2445.0,56,17,39,4,46
2446.0,59,55,10,24,61
2447.0,3,47,45,14,12
2448.0,56,17,60,6,26
2449.0,53,11,8,65,22
2450.0,17,39,4,46,26
2451.0,59,55,10,24,61
2452.0,17,60,6,26,18
2453.0,59,10,24,61,58
2454.0,17,60,6,46,26
2455.0,3,13,45,14,15
2456.0,60,39,4,26,66
2457.0,56,60,17,39,4
2458.0,13,3,45,14,57
2459.0,56,17,39,4,26
2460.0,13,3,45,15,14
2461.0,3,13,45,14,15
2462.0,13,3,45,15,14
2463.0,56,60,39,6,26
2464.0,56,17,39,6,26
2465.0,59,24,55,23,42
2466.0,59,55,10,24,61
2467.0,59,55,10,24,61
2468.0,39,4,46,26,6
2469.0,59,55,10,24,61
2470.0,56,60,17,39,4
2471.0,2,20,27,9,21
2472.0,56,60,17,39,4
2473.0,13,45,15,14,57
2474.0,56,60,17,39,4
2475.0,17,39,6,26,18
2476.0,3,45,15,14,57
2477.0,56,39,4,46,26
2478.0,56,39,6,18,66
2479.0,20,27,36,9,21
2480.0,63,43,52,16,34
2481.0,56,17,60,39,6
2482.0,59,10,24,61,58
2483.0,59,24,55,61,23
2484.0,3,45,14,57,12
2485.0,17,39,6,46,26
2486.0,59,55,10,24,61
2487.0,17,6,26,18,66
2488.0,59,55,10,24,61
2489.0,34,32,4,5,6
2490.0,56,17,60,6,46
2491.0,2,20,36,9,21
2492.0,38,64,54,16,32
2493.0,53,11,8,29,65
2494.0,56,17,60,39,6
2495.0,56,17,60,39,6
2496.0,13,45,15,14,57
2497.0,60,39,6,46,26
2498.0,56,60,17,4,46
2499.0,56,17,60,39,6
2500.0,13,3,15,14,57
2501.0,56,17,60,39,6
2502.0,13,15,14,57,12
2503.0,17,60,39,6,46
2504.0,53,11,65,22,1
2505.0,11,8,29,65,22
2506.0,17,39,6,46,26
2507.0,59,55,10,24,61
2508.0,3,45,15,14,57
2509.0,56,60,17,39,4
2510.0,56,17,60,39,6
2511.0,17,60,39,6,46
2512.0,38,64,54,16,32
2513.0,17,39,4,26,66
2514.0,13,3,15,14,57
2515.0,17,60,39,41,6
2516.0,3,13,45,14,15
2517.0,13,3,45,15,14
2518.0,59,55,24,61,58
2519.0,59,10,24,61,58
2520.0,63,43,52,16,34
2521.0,13,3,45,15,14
2522.0,38,64,54,16,32
2523.0,56,17,60,39,6
2524.0,15,3,45,14,57
2525.0,56,17,60,39,6
2526.0,56,17,39,6,26
2527.0,37,38,64,54,16
2528.0,56,60,17,39,4
2529.0,13,3,45,15,14
2530.0,17,60,39,6,26
2531.0,56,17,60,39,41
2532.0,2,27,36,9,21
2533.0,56,17,60,39,6
2534.0,59,24,10,25,58
2535.0,17,60,39,6,46
2536.0,56,17,39,4,46
2537.0,56,17,60,39,46
2538.0,13,3,45,15,57
2539.0,37,38,64,54,16
2540.0,56,60,39,6,26
2541.0,56,17,60,46,26
2542.0,59,55,10,24,61
2543.0,63,43,52,16,34
2544.0,38,64,54,16,32
2545.0,56,17,60,39,6
2546.0,13,45,15,14,12
2547.0,59,55,24,61,58
2548.0,38,64,54,16,32
2549.0,2,20,36,9,21
2550.0,11,8,29,22,1
2551.0,2,20,27,36,9
2552.0,59,55,10,61,58
2553.0,56,17,60,39,6
2554.0,17,60,39,6,26
2555.0,2,20,27,36,9
2556.0,37,38,64,54,16
2557.0,60,39,41,6,18
2558.0,3,45,15,57,12
2559.0,59,55,24,25,58
2560.0,56,60,39,6,46
2561.0,56,17,60,39,6
2562.0,56,39,6,46,18
2563.0,17,60,39,6,18
2564.0,59,24,61,10,25
2565.0,63,43,52,34,32
2566.0,38,64,54,16,32
2567.0,17,60,39,6,26
2568.0,3,45,15,14,57
2569.0,17,60,39,6,46
2570.0,56,17,60,39,6
2571.0,17,60,39,6,26
2572.0,20,27,36,9,21
2573.0,13,3,45,14,57
2574.0,56,60,17,4,26
2575.0,53,11,29,65,22
2576.0,56,60,39,26,18
2577.0,56,17,39,4,26
2578.0,13,3,45,15,14
2579.0,56,17,60,39,6
2580.0,56,17,60,39,6
2581.0,38,64,54,16,32
2582.0,13,15,3,45,47
2583.0,56,17,60,39,6
2584.0,38,64,54,16,32
2585.0,56,17,60,39,6
2586.0,20,27,36,21,8
2587.0,13,3,45,15,57
2588.0,13,3,45,14,57
2589.0,37,38,54,16,32
2590.0,56,17,60,39,6
2591.0,56,60,17,4,66
2592.0,17,60,39,6,26
2593.0,17,60,39,6,46
2594.0,56,17,60,6,26
2595.0,2,20,27,36,9
2596.0,60,39,6,66,41
2597.0,56,60,17,39,4
2598.0,56,17,60,39,41
2599.0,37,38,64,54,16
2600.0,37,64,54,16,32
2601.0,63,43,52,16,34
2602.0,56,17,60,39,6
2603.0,17,60,39,6,18
2604.0,56,17,60,39,6
2605.0,56,17,60,39,6
2606.0,63,43,52,16,34
2607.0,56,17,60,39,41
2608.0,37,38,64,54,16
2609.0,59,24,55,10,23
2610.0,63,52,16,34,40
2611.0,20,27,36,9,21
2612.0,56,17,60,6,26
2613.0,13,3,45,14,57
2614.0,59,10,24,61,58
2615.0,56,17,60,6,26
2616.0,56,17,60,26,18
2617.0,60,17,39,4,26
2618.0,56,17,60,41,6
2619.0,60,17,39,4,26
2620.0,59,10,24,61,58
2621.0,59,55,10,24,61
2622.0,2,20,27,36,9
2623.0,3,45,15,14,57
2624.0,2,20,27,9,21
2625.0,17,60,39,46,26
2626.0,37,64,54,16,32
2627.0,2,20,36,9,21
2628.0,55,10,24,61,58
2629.0,56,17,60,39,6
2630.0,63,43,16,34,32
2631.0,2,20,27,36,21
2632.0,17,60,39,6,26
2633.0,60,17,39,4,26
2634.0,59,55,10,24,61
2635.0,56,17,60,6,26
2636.0,59,55,10,24,61
2637.0,17,60,39,6,26
2638.0,38,64,54,16,32
2639.0,59,55,10,24,61
2640.0,53,11,65,29,22
2641.0,13,3,45,15,14
2642.0,59,55,10,24,61
2643.0,56,17,60,39,6
2644.0,56,17,60,39,26
2645.0,17,60,39,6,46
2646.0,56,60,39,6,46
2647.0,13,3,45,15,14
2648.0,17,39,4,66,6
2649.0,56,17,60,39,6
2650.0,56,60,6,46,26
2651.0,53,11,8,29,65
2652.0,6,26,18,66
2653.0,3,45,15,14,57
2654.0,55,10,24,61,58
2655.0,59,55,10,24,58
2656.0,36,21,8,29
2657.0,56,17,60,39,6
2658.0,56,17,60,39,6
2659.0,56,60,17,39,4
2660.0,56,17,60,39,6
2661.0,56,17,60,6,26
2662.0,60,39,6,26,18
2663.0,13,3,45,15,14
2664.0,56,60,17,39,46
2665.0,53,11,8,29,65
2666.0,53,8,29,65,22
2667.0,56,17,39,4,26
2668.0,59,55,10,24,61
2669.0,59,55,10,24,61
2670.0,56,17,60,39,41
2671.0,56,17,39,46,26
2672.0,13,45,15,14,57
2673.0,56,17,39,41,6
2674.0,59,55,10,61,58
2675.0,60,39,6,26,18
2676.0,56,17,60,6,26
2677.0,55,10,24,61,58
2678.0,56,60,39,41,6
2679.0,13,3,45,14,57
2680.0,56,17,60,39,6
2681.0,15,45,14,12,13
2682.0,17,60,39,6,46
2683.0,13,3,45,15,14
2684.0,3,13,45,15,14
2685.0,56,39,4,46,26
2686.0,13,3,45,15,14
2687.0,56,60,39,6,46
2688.0,56,17,60,39,26
2689.0,56,17,39,6,26
2690.0,37,38,54,16,32
2691.0,13,3,45,15,14
2692.0,56,60,39,6,26
2693.0,53,11,8,29,22
2694.0,56,17,60,39,6
2695.0,59,10,24,61,58
2696.0,56,17,60,39,6
2697.0,37,38,64,54,16
2698.0,63,43,34,32,40
2699.0,2,20,27,36,21
2700.0,17,4,66,6,41
2701.0,3,15,14,57,12
2702.0,56,39,6,46,26
2703.0,55,10,24,61,58
2704.0,2,20,27,36,9
2705.0,56,17,60,39,6
2706.0,56,17,60,39,6
2707.0,63,43,16,40,52
2708.0,2,27,36,9,21
2709.0,56,17,60,39,46
2710.0,13,3,45,15,14
2711.0,56,17,60,39,6
2712.0,13,3,45,15,14
2713.0,38,54,16,32,34
2714.0,56,60,17,39,4
2715.0,56,17,60,39,6
2716.0,56,60,17,39,4
2717.0,59,10,61,24,25
2718.0,37,38,64,54,32
2719.0,60,17,39,4,26
2720.0,56,60,39,6,26
2721.0,56,60,17,39,4
2722.0,59,24,55,10,61
2723.0,56,17,60,39,6
2724.0,63,43,52,16,34
2725.0,56,17,60,39,46
2726.0,59,10,24,61,58
2727.0,2,20,27,36,9
2728.0,17,39,6,26,18
2729.0,13,3,45,15,14
2730.0,56,17,60,39,6
2731.0,13,3,45,15,14
2732.0,59,55,24,61,58
2733.0,13,3,45,15,14
2734.0,56,17,39,6,26
2735.0,56,17,60,39,6
2736.0,53,8,29,65,22
2737.0,59,55,10,24,61
2738.0,56,17,60,39,6
2739.0,56,17,60,39,6
2740.0,56,17,60,39,41
2741.0,13,3,45,15,57
2742.0,56,17,60,6,46
2743.0,56,17,60,39,6
2744.0,60,17,39,4,26
2745.0,11,8,65,29,22
2746.0,59,10,24,61,58
2747.0,3,45,15,14,57
2748.0,56,60,39,6,46
2749.0,2,20,36,9,21
2750.0,56,60,17,4,26
2751.0,38,64,54,16,32
2752.0,17,60,39,6,46
2753.0,17,60,39,6,46
2754.0,37,64,54,16,32
2755.0,17,60,6,26,18
2756.0,60,39,6,26,18
2757.0,37,64,54,16,32
2758.0,56,17,60,39,26
2759.0,20,27,36,9,21
2760.0,56,60,39,41,6
2761.0,56,17,39,26,18
2762.0,13,3,45,14,57
2763.0,53,11,8,29,65
2764.0,37,38,64,54,16
2765.0,17,60,39,6,46
2766.0,13,15,14,57,12
2767.0,63,43,52,34,32
2768.0,53,11,8,29,65
2769.0,56,17,60,6,26
2770.0,37,38,64,16,32
2771.0,63,43,16,34,32
2772.0,3,45,15,14,57
2773.0,56,17,39,6,46
2774.0,13,3,45,57,12
2775.0,13,45,15,14,57
2776.0,60,17,6,41
2777.0,38,64,54,16,32
2778.0,56,60,17,39,4
2779.0,17,60,39,6,26
2780.0,53,11,8,22,1
2781.0,59,10,24,61,58
2782.0,59,55,10,24,61
2783.0,38,64,54,16,32
2784.0,55,10,24,61,58
2785.0,13,45,15,14,57
2786.0,17,60,39,6,26
2787.0,56,17,60,39,6
2788.0,13,45,14,57,12
2789.0,6,46,26,18,66
2790.0,17,60,39,6,26
2791.0,13,3,15,14,57
2792.0,56,17,60,39,46
2793.0,47,14,57,12,33
2794.0,56,60,17,39,4
2795.0,63,43,52,34,32
2796.0,17,39,6,18,66
2797.0,2,20,36,9,21
2798.0,56,60,39,4,26
2799.0,13,45,15,14,57
2800.0,13,3,45,15,14
2801.0,53,11,8,65,29
2802.0,53,11,8,29,65
2803.0,13,15,14,57,12
2804.0,53,11,8,65,29
2805.0,56,17,60,6,46
2806.0,59,10,24,58,23
2807.0,38,64,54,16,32
2808.0,56,60,17,39,4
2809.0,56,17,60,39,6
2810.0,56,17,60,39,6
2811.0,17,39,4,26,66
2812.0,56,17,60,39,6
2813.0,56,17,60,41,6
2814.0,17,60,39,6,46
2815.0,13,3,45,15,14
2816.0,59,10,24,61,58
2817.0,56,17,60,39,6
2818.0,59,55,10,24,61
2819.0,63,52,16,32,40
2820.0,59,55,10,24,61
2821.0,59,10,24,61,58
2822.0,3,45,15,14,57
2823.0,56,17,60,6,46
2824.0,56,17,60,39,26
2825.0,60,39,6,26,18
2826.0,59,55,24,61,58
2827.0,56,39,6,18,66
2828.0,17,39,6,26,18
2829.0,17,60,39,6,18
2830.0,56,17,60,39,6
2831.0,59,10,24,61,58
2832.0,56,17,60,39,6
2833.0,56,17,39,6,26
2834.0,59,24,55,23,42
2835.0,3,45,15,14,57
2836.0,53,8,29,65,22
2837.0,38,64,54,16,32
2838.0,59,10,24,61,58
2839.0,56,17,60,39,41
2840.0,56,17,60,39,6
2841.0,56,60,17,39,4
2842.0,38,64,54,16,32
2843.0,56,60,17,39,4
2844.0,13,3,45,14,57
2845.0,63,43,52,34,32
2846.0,56,17,60,41,6
2847.0,17,60,39,41,6
2848.0,60,17,39,4,46
2849.0,13,3,45,15,14
2850.0,56,17,60,39,26
2851.0,13,3,45,15,14
2852.0,13,3,45,15,14
2853.0,53,8,65,29,22
2854.0,59,55,10,24,61
2855.0,13,3,45,15,14
2856.0,56,60,39,6,46
2857.0,56,60,39,6,26
2858.0,56,17,60,39,6
2859.0,55,10,24,61,58
2860.0,56,60,17,39,4
2861.0,53,11,8,29,65
2862.0,55,10,24,61,58
2863.0,2,27,36,9,21
2864.0,3,45,15,14,57
2865.0,38,64,54,16,32
2866.0,56,17,6,26,18
2867.0,17,60,39,6,26
2868.0,56,60,39,6,46
2869.0,56,17,39,41,6
2870.0,56,60,17,39,4
2871.0,13,3,45,15,14
2872.0,38,64,54,16,32
2873.0,17,60,39,41,18
2874.0,3,45,15,14,57
2875.0,53,11,8,29,65
2876.0,56,60,39,6,26
2877.0,56,4,46,26,66
2878.0,59,55,10,24,61
2879.0,20,27,36,9,21
2880.0,56,17,60,39,6
2881.0,56,17,60,39,6
2882.0,56,17,60,39,6
2883.0,63,43,52,16,34
2884.0,56,17,60,39,6
2885.0,56,17,60,39,6
2886.0,13,3,45,15,14
2887.0,13,3,45,14,57
2888.0,59,55,10,24,61
2889.0,17,60,39,6,46
2890.0,17,60,39,6,26
2891.0,56,60,17,39,4
2892.0,3,45,15,14,57
2893.0,56,60,17,39,26
2894.0,38,64,54,16,32
2895.0,38,64,54,16,32
2896.0,13,3,45,15,14
2897.0,56,60,39,6,26
2898.0,59,55,10,24,61
2899.0,64,54,16,32,34
2900.0,56,17,60,39,6
2901.0,53,8,65,29,22
2902.0,17,60,39,46,26
2903.0,17,60,39,46,26
2904.0,56,60,39,6,26
2905.0,17,60,6,26,18
2906.0,63,43,16,34,32
2907.0,13,3,45,14,57
2908.0,24,55,10,61,23
2909.0,63,43,16,34,32
2910.0,56,17,60,39,6
2911.0,60,39,6,46,18
2912.0,37,38,64,54,16
2913.0,13,45,15,14,57
2914.0,3,13,45,14,15
2915.0,17,39,4,66,6
2916.0,2,20,27,36,21
2917.0,8,65,1,10,23
2918.0,17,39,6,46,26
2919.0,56,60,17,39,4
2920.0,56,17,60,39,6
2921.0,56,17,60,6,26
2922.0,43,52,16,34,32
2923.0,60,39,6,26,18
2924.0,56,60,39,6,46
2925.0,2,21,9,8,22
2926.0,56,17,60,39,46
2927.0,53,11,65,29,22
2928.0,56,60,39,41,6
2929.0,3,45,14,15,57
2930.0,53,11,8,65,29
2931.0,37,38,64,54,16
2932.0,59,55,10,24,61
2933.0,56,17,60,39,26
2934.0,17,60,39,6,46
2935.0,56,17,6,26,18
2936.0,17,60,39,6,26
2937.0,53,11,8,65,29
2938.0,56,17,60,39,46
2939.0,56,60,17,39,4
2940.0,63,43,52,16,34
2941.0,38,64,54,16,32
2942.0,53,11,65,29,22
2943.0,53,11,8,65,29
2944.0,56,17,60,39,6
2945.0,13,45,15,14,57
2946.0,38,64,54,16,32
2947.0,59,55,10,24,61
2948.0,56,17,60,39,6
2949.0,60,39,6,26,18
2950.0,37,38,64,54,16
2951.0,13,3,15,14,57
2952.0,17,39,6,26,18
2953.0,56,39,4,46,26
2954.0,17,60,39,6,26
2955.0,56,60,17,39,46
2956.0,63,52,16,34,32
2957.0,56,60,17,39,46
2958.0,53,11,8,29,65
2959.0,17,39,6,26,18
2960.0,13,3,45,15,14
2961.0,37,38,64,54,16
2962.0,13,3,45,15,14
2963.0,56,17,60,39,6
2964.0,59,55,10,24,61
2965.0,11,8,29,65,22
2966.0,38,64,54,16,32
2967.0,63,43,52,16,40
2968.0,11,8,65,29,22
2969.0,53,11,8,29,65
2970.0,53,11,29,65,22
2971.0,56,17,60,39,6
2972.0,59,10,24,58,23
2973.0,60,39,6,26,18
2974.0,3,45,14,15,57
2975.0,56,17,60,6,46
2976.0,53,11,8,65,29
2977.0,56,17,60,39,6
2978.0,56,17,60,39,6
2979.0,60,39,6,46,26
2980.0,56,17,39,6,46
2981.0,59,10,24,61,58
2982.0,63,43,52,34,32
2983.0,56,17,60,39,6
2984.0,63,43,52,34,32
2985.0,56,17,60,39,6
2986.0,13,3,45,15,14
2987.0,13,3,45,15,14
2988.0,56,60,17,39,46
2989.0,56,60,17,4,46
2990.0,17,60,39,6,26
2991.0,56,17,60,39,46
2992.0,15,3,45,47,57
2993.0,2,20,36,9,21
2994.0,56,17,60,39,6
2995.0,56,17,60,39,6
2996.0,59,55,10,24,61
2997.0,55,10,24,61,58
2998.0,56,17,60,39,6
2999.0,56,17,60,6,26
3000.0,56,17,60,39,41
3001.0,13,3,45,15,14
3002.0,38,64,54,16,32
3003.0,37,64,16,32,34
3004.0,2,20,27,9,8
3005.0,59,55,10,24,61
3006.0,56,17,60,39,6
3007.0,3,45,15,14,57
3008.0,59,55,10,24,61
3009.0,56,17,39,4,6
3010.0,56,17,60,39,6
3011.0,56,17,60,39,6
3012.0,56,17,60,39,6
3013.0,63,43,52,16,32
3014.0,20,27,36,21,9
3015.0,56,17,39,6,26
3016.0,56,60,39,6,26
3017.0,63,43,52,32,40
3018.0,55,10,24,61,25
3019.0,17,60,39,6,26
3020.0,17,39,6,26,18
3021.0,59,55,10,61,23
3022.0,13,3,15,14,57
3023.0,56,17,60,39,6
3024.0,56,17,60,6,26
3025.0,3,13,45,14,15
3026.0,17,39,4,26,66
3027.0,56,17,60,39,6
3028.0,56,60,39,6,46
3029.0,37,38,54,16,32
3030.0,43,52,16,34,32
3031.0,13,3,45,15,14
3032.0,59,55,10,24,61
3033.0,39,6,46,18,66
3034.0,3,13,45,14,15
3035.0,59,55,10,24,61
3036.0,38,64,54,16,34
3037.0,53,11,8,65,29
3038.0,56,17,60,39,6
3039.0,56,39,6,26,18
3040.0,37,64,54,16,32
3041.0,56,17,60,39,6
3042.0,17,60,39,46,26
3043.0,17,6,46,26,18
3044.0,17,60,39,6,18
3045.0,37,64,54,16,32
3046.0,56,39,4,46,26
3047.0,17,60,39,6,46
3048.0,17,60,39,6,26
3049.0,13,3,15,14,57
3050.0,59,24,55,10,61
3051.0,63,52,16,34,32
3052.0,43,52,16,34,32
3053.0,17,60,39,6,46
3054.0,37,38,64,54,16
3055.0,59,55,10,24,61
3056.0,56,17,60,39,6
3057.0,38,64,54,16,32
3058.0,3,13,45,15,14
3059.0,13,3,45,15,14
3060.0,60,39,6,26,18
3061.0,20,27,36,9,21
3062.0,37,38,64,54,16
3063.0,55,10,24,61,23
3064.0,37,38,64,16,32
3065.0,11,8,65,29,22
3066.0,37,38,64,54,16
3067.0,13,45,14,57,12
3068.0,56,17,60,39,46
3069.0,59,55,10,24,58
3070.0,17,39,6,46,26
3071.0,53,11,8,65,29
3072.0,2,27,36,9,21
3073.0,59,10,24,61,58
3074.0,53,11,8,65,29
3075.0,56,60,39,6,26
3076.0,56,60,17,39,4
3077.0,56,17,60,39,6
3078.0,43,52,16,34,32
3079.0,43,52,16,34,32
3080.0,63,32,40,4,5
3081.0,11,8,29,22,1
3082.0,56,17,60,39,6
3083.0,56,17,60,6,26
3084.0,56,17,60,39,6
3085.0,53,11,29,65,22
3086.0,13,45,15,57,12
3087.0,20,27,36,9,21
3088.0,56,17,39,26,66
3089.0,39,6,18,66,41
3090.0,13,3,45,15,14
3091.0,56,17,60,39,6
3092.0,56,17,60,39,6
3093.0,13,45,15,14,57
3094.0,56,17,60,26,18
3095.0,56,17,60,39,6
3096.0,56,60,17,39,4
3097.0,13,3,45,15,14
3098.0,15,3,47,45,14
3099.0,56,17,39,6,26
3100.0,38,64,54,16,32
3101.0,56,17,39,46,26
3102.0,37,38,64,54,32
3103.0,11,8,65,29,22
3104.0,56,17,60,39,6
3105.0,56,17,60,39,6
3106.0,59,55,10,24,58
3107.0,37,38,64,54,16
3108.0,59,55,10,24,61
3109.0,60,17,39,4,26
3110.0,39,6,46,26,18
3111.0,17,60,6,26,18
3112.0,59,55,10,24,58
3113.0,56,17,39,6,46
3114.0,15,3,47,45,14
3115.0,56,17,39,6,26
3116.0,17,60,39,6,46
3117.0,56,17,60,39,46
3118.0,13,15,14,57,12
3119.0,59,10,24,61,58
3120.0,53,8,29,65,22
3121.0,13,3,45,15,14
3122.0,53,11,8,65,29
3123.0,43,52,16,34,32
3124.0,56,17,39,6,46
3125.0,38,64,16,32,34
3126.0,38,64,54,16,32
3127.0,55,10,24,61,58
3128.0,56,17,60,39,46
3129.0,64,54,16,32,34
3130.0,15,3,47,45,14
3131.0,11,8,65,29,22
3132.0,38,54,16,32,34
3133.0,56,17,60,39,6
3134.0,56,17,60,39,6
3135.0,56,17,60,39,6
3136.0,56,17,60,6,26
3137.0,20,27,36,9,21
3138.0,63,43,52,16,34
3139.0,13,3,45,14,57
3140.0,63,43,52,16,32
3141.0,56,17,60,6,46
3142.0,37,38,64,54,16
3143.0,37,38,54,16,32
3144.0,56,60,17,39,4
3145.0,13,3,15,14,57
3146.0,20,36,9,21,27
3147.0,2,20,27,36,9
3148.0,55,10,24,25,58
3149.0,55,10,61,24,25
3150.0,56,17,39,4,46
3151.0,17,60,39,6,26
3152.0,37,64,54,16,32
3153.0,56,17,60,39,6
3154.0,17,60,39,41,6
3155.0,17,60,39,6,26
3156.0,59,24,61,10,23
3157.0,60,17,39,4,46
3158.0,56,17,60,39,6
3159.0,56,17,60,39,46
3160.0,60,39,6,26,18
3161.0,13,3,45,14,57
3162.0,13,3,45,15,14
3163.0,59,55,10,24,61
3164.0,56,17,60,39,6
3165.0,63,43,52,16,34
3166.0,38,64,54,16,32
3167.0,17,60,39,6,26
3168.0,13,45,14,57,12
3169.0,17,60,6,26,18
3170.0,20,27,36,21,9
3171.0,56,60,17,39,4
3172.0,13,3,45,14,57
3173.0,56,17,60,41,6
3174.0,38,64,54,16,32
3175.0,37,38,54,16,32
3176.0,17,60,39,18,66
3177.0,56,17,60,6,26
3178.0,13,3,45,15,14
3179.0,59,55,24,61,58
3180.0,56,17,39,6,26
3181.0,39,6,26,18,66
3182.0,64,54,16,32,34
3183.0,56,17,60,39,6
3184.0,56,17,60,39,6
3185.0,15,3,47,45,14
3186.0,13,3,45,15,14
3187.0,56,17,60,6,26
3188.0,17,60,6,46,26
3189.0,56,60,17,39,4
3190.0,56,17,60,39,6
3191.0,20,27,36,9,21
3192.0,56,17,60,39,6
3193.0,53,11,8,65,29
3194.0,55,10,24,61,58
3195.0,17,39,6,46,18
3196.0,13,3,45,15,14
3197.0,56,17,39,6,46
3198.0,17,39,6,26,18
3199.0,13,3,45,15,14
3200.0,13,3,45,15,57
3201.0,56,17,60,39,6
3202.0,17,60,39,6,26
3203.0,56,17,60,39,6
3204.0,13,45,14,57,12
3205.0,56,39,4,26,66
3206.0,17,60,39,18,66
3207.0,56,60,17,39,4
3208.0,13,3,45,15,14
3209.0,59,55,61,58,23
3210.0,63,52,16,34,32
3211.0,56,17,60,6,26
3212.0,59,55,10,24,61
3213.0,43,52,16,34,32
3214.0,56,17,60,39,6
3215.0,63,43,16,34,40
3216.0,59,55,10,24,61
3217.0,56,17,39,6,26
3218.0,56,17,60,39,41
3219.0,3,45,15,14,57
3220.0,56,17,60,39,6
3221.0,13,3,45,15,14
3222.0,63,43,52,16,34
3223.0,13,3,45,15,14
3224.0,13,3,45,15,12
3225.0,56,60,17,39,4
3226.0,53,8,65,29,22
3227.0,63,43,52,16,32
3228.0,37,38,54,16,32
3229.0,13,3,45,15,57
3230.0,13,3,45,15,14
3231.0,17,60,39,6,26
3232.0,17,60,39,6,26
3233.0,56,17,60,39,6
3234.0,53,11,8,65,29
3235.0,56,60,17,4,46
3236.0,56,17,60,39,6
3237.0,13,45,15,14,57
3238.0,13,3,45,15,14
3239.0,60,39,6,46,26
3240.0,56,39,41,6,18
3241.0,17,60,39,6,26
3242.0,59,55,10,24,61
3243.0,53,11,8,29,65
3244.0,13,3,45,15,14
3245.0,3,45,15,14,57
3246.0,59,55,24,61,58
3247.0,38,64,54,16,32
3248.0,8,29,65,1,10
3249.0,53,11,8,65,22
3250.0,59,55,10,24,61
3251.0,56,17,60,39,6
3252.0,56,60,39,4,46
3253.0,59,55,10,24,61
3254.0,37,64,54,16,32
3255.0,55,10,24,61,58
3256.0,17,60,6,46,26
3257.0,56,17,60,39,6
3258.0,56,60,17,39,4
3259.0,59,55,24,61,58
3260.0,56,17,60,6,26
3261.0,56,60,17,4,46
3262.0,2,20,27,36,9
3263.0,13,3,45,15,14
3264.0,13,45,15,14,12
3265.0,37,38,64,54,16
3266.0,56,17,39,6,26
3267.0,56,17,39,4,26
3268.0,56,17,60,6,26
3269.0,38,64,54,16,32
3270.0,38,54,16,32,34
3271.0,37,38,54,16,32
3272.0,56,60,39,41,6
3273.0,13,3,45,15,14
3274.0,2,20,27,36,9
3275.0,20,27,36,9,21
3276.0,63,43,52,16,34
3277.0,56,17,60,6,26
3278.0,56,17,60,6,26
3279.0,56,60,17,39,4
3280.0,13,3,45,14,57
3281.0,37,38,64,54,16
3282.0,17,39,41,6,46
3283.0,13,15,3,45,47
3284.0,56,17,60,39,41
3285.0,56,17,60,39,6
3286.0,11,8,29,65,22
3287.0,39,6,26,18,66
3288.0,59,55,10,61,24
3289.0,13,3,45,15,57
3290.0,59,24,55,61,23
3291.0,17,39,41,6,18
3292.0,56,17,60,26,18
3293.0,59,24,55,10,23
3294.0,13,3,45,15,14
3295.0,56,60,17,39,4
3296.0,17,60,39,6,26
3297.0,38,64,54,16,32
3298.0,45,14,57,12,47
3299.0,56,17,60,39,6
3300.0,43,52,16,34,40
3301.0,60,39,6,46,26
3302.0,53,11,8,65,29
3303.0,27,36,21,9,8
3304.0,38,64,54,16,32
3305.0,37,64,54,16,32
3306.0,60,17,39,4,26
3307.0,56,17,39,6,46
3308.0,2,27,36,9,21
3309.0,59,55,10,24,61
3310.0,2,20,27,9,21
3311.0,60,39,4,46,26
3312.0,59,10,61,24,25
3313.0,37,64,54,16,32
3314.0,11,8,29,22,1
3315.0,56,17,60,39,6
3316.0,13,3,45,15,14
3317.0,2,20,27,36,21
3318.0,2,20,27,36,9
3319.0,17,60,39,6,26
3320.0,53,11,8,29,65
3321.0,56,17,60,39,6
3322.0,56,17,60,6,46
3323.0,38,54,16,32,34
3324.0,56,17,60,39,6
3325.0,56,17,60,6,26
3326.0,59,55,10,61,24
3327.0,60,39,6,26,18
3328.0,13,3,45,15,14
3329.0,13,3,45,15,14
3330.0,17,60,6,46,26
3331.0,59,55,10,24,61
3332.0,3,13,45,15,14
3333.0,56,17,60,39,6
3334.0,17,60,39,41,6
3335.0,13,3,45,15,14
3336.0,56,17,60,39,6
3337.0,56,60,17,39,4
3338.0,13,45,15,14,12
3339.0,56,17,60,39,6
3340.0,63,52,16,34,32
3341.0,17,60,39,6,26
3342.0,43,16,34,32,40
3343.0,59,55,10,24,61
3344.0,17,60,39,6,46
3345.0,59,55,10,24,61
3346.0,59,55,10,24,61
3347.0,53,11,8,65,29
3348.0,13,3,45,15,14
3349.0,13,3,45,14,57
3350.0,59,24,55,10,61
3351.0,56,17,60,39,6
3352.0,43,52,16,34,32
3353.0,17,60,39,6,26
3354.0,59,10,24,61,58
3355.0,39,6,26,18,66
3356.0,63,52,16,34,32
3357.0,17,39,6,26,18
3358.0,13,3,45,15,14
3359.0,13,3,15,14,57
3360.0,56,17,60,39,6
3361.0,56,17,60,6,26
3362.0,11,8,65,29,22
3363.0,17,60,39,6,26
3364.0,2,20,36,9,21
3365.0,56,17,60,39,6
3366.0,59,55,10,24,61
3367.0,13,3,45,15,14
3368.0,56,60,39,4,46
3369.0,56,17,60,39,6
3370.0,56,17,60,39,46
3371.0,56,17,60,39,6
3372.0,56,60,39,6,46
3373.0,56,17,60,39,6
3374.0,17,60,39,6,26
3375.0,56,17,60,39,41
3376.0,17,60,39,6,46
3377.0,13,3,45,15,57
3378.0,17,6,26,18,66
3379.0,38,64,54,16,32
3380.0,17,60,39,6,26
3381.0,60,17,39,4,26
3382.0,17,39,6,46,26
3383.0,56,17,60,39,6
3384.0,56,17,39,41,6
3385.0,53,11,65,22,1
3386.0,56,17,60,39,6
3387.0,13,3,45,15,14
3388.0,17,60,39,6,26
3389.0,11,8,29,65,22
3390.0,17,39,6,26,18
3391.0,56,17,60,39,6
3392.0,45,14,57,47,48
3393.0,17,60,39,6,26
3394.0,53,11,29,65,22
3395.0,56,17,60,39,6
3396.0,13,45,15,14,57
3397.0,38,64,54,32,40
3398.0,24,55,10,61,23
3399.0,63,43,52,16,34
3400.0,45,15,14,57,12
3401.0,56,17,60,39,6
3402.0,56,17,60,6,46
3403.0,60,39,6,26,18
3404.0,59,55,10,61,58
3405.0,53,11,8,29,65
3406.0,56,17,60,39,6
3407.0,56,17,39,6,46
3408.0,63,43,52,16,34
3409.0,59,10,24,61,58
3410.0,14,57,12,47,33
3411.0,56,17,60,39,6
3412.0,13,3,45,15,14
3413.0,20,27,36,9,21
3414.0,20,36,21,9,8
3415.0,56,17,60,39,26
3416.0,56,17,60,39,6
3417.0,17,60,39,6,46
3418.0,56,17,39,4,46
3419.0,56,17,60,39,6
3420.0,17,39,4,46,26
3421.0,60,39,6,26,18
3422.0,56,17,60,6,26
3423.0,56,17,60,39,26
3424.0,13,3,15,14,57
3425.0,53,11,8,65,29
3426.0,17,60,39,41,6
3427.0,56,60,17,39,4
3428.0,2,20,36,9,21
3429.0,13,3,45,15,14
3430.0,37,38,54,16,32
3431.0,64,54,16,32,34
3432.0,60,39,6,46,26
3433.0,17,60,39,6,46
3434.0,20,27,36,9,21
3435.0,63,43,52,16,34
3436.0,17,60,39,41,6
3437.0,56,17,60,26,18
3438.0,3,45,15,14,57
3439.0,56,17,60,39,26
3440.0,17,39,6,46,26
3441.0,13,45,15,14,57
3442.0,56,17,60,39,6
3443.0,37,38,64,54,16
3444.0,17,60,41,6,18
3445.0,56,17,60,6,46
3446.0,59,24,55,10,61
3447.0,56,17,60,39,46
3448.0,59,24,55,10,61
3449.0,60,17,39,4,26
3450.0,56,17,39,6,18
3451.0,17,60,39,41,6
3452.0,53,11,29,65,22
3453.0,27,36,9,21,8
3454.0,63,43,52,34,32
3455.0,38,64,54,16,32
3456.0,13,3,45,15,14
3457.0,53,11,8,29,65
3458.0,13,3,45,14,57
3459.0,56,17,60,39,6
3460.0,56,17,60,39,6
3461.0,53,11,8,29,65
3462.0,56,17,60,39,6
3463.0,53,11,8,65,29
3464.0,56,17,60,39,41
3465.0,3,13,45,14,15
3466.0,53,11,8,65,22
3467.0,53,11,8,65,29
3468.0,17,60,39,6,26
3469.0,2,20,27,36,9
3470.0,59,55,10,24,61
3471.0,59,24,61,10,25
3472.0,60,39,6,46,18
3473.0,56,17,6,26,18
3474.0,3,45,15,14,57
3475.0,56,17,60,39,6
3476.0,17,60,39,6,46
3477.0,13,3,45,15,14
3478.0,59,55,10,61,25
3479.0,56,60,17,4,46
3480.0,37,38,54,16,32
3481.0,56,17,60,26,18
3482.0,59,55,10,61,58
3483.0,3,45,15,14,57
3484.0,56,17,60,26,18
3485.0,63,43,16,34,32
3486.0,43,52,16,34,32
3487.0,13,3,15,14,57
3488.0,59,55,10,24,58
3489.0,13,3,45,15,14
3490.0,53,11,8,65,29
3491.0,56,17,39,6,26
3492.0,63,43,52,16,34
3493.0,56,60,17,39,4
3494.0,17,60,39,6,46
3495.0,53,11,8,29,65
3496.0,2,20,27,36,9
3497.0,56,17,39,46,26
3498.0,59,10,24,61,58
3499.0,2,20,27,36,21
3500.0,17,60,39,6,46
3501.0,17,60,39,6,46
3502.0,13,3,45,15,14
3503.0,63,43,52,16,34
3504.0,56,60,4,26,66
3505.0,53,11,8,65,29
3506.0,56,17,60,39,46
3507.0,17,60,6,66,41
3508.0,17,60,39,6,26
3509.0,37,38,64,54,16
3510.0,17,60,6,26,18
3511.0,60,39,4,26,66
3512.0,56,17,60,6,26
3513.0,13,3,45,15,14
3514.0,3,45,15,14,57
3515.0,56,17,60,39,26
3516.0,43,52,16,34,32
3517.0,56,17,60,39,6
3518.0,63,52,16,34,32
3519.0,60,39,6,46,26
3520.0,56,17,39,6,46
3521.0,3,13,45,14,15
3522.0,56,60,39,6,46
3523.0,43,16,32,40,4
3524.0,56,17,60,39,6
3525.0,38,64,54,16,32
3526.0,60,39,6,46,26
3527.0,59,55,61,24,25
3528.0,38,64,54,16,32
3529.0,17,60,39,6,46
3530.0,13,3,45,15,14
3531.0,56,17,60,39,6
3532.0,17,60,39,6,46
3533.0,56,17,60,39,6
3534.0,56,17,60,39,26
3535.0,56,17,60,39,46
3536.0,39,6,46,26,18
3537.0,15,3,45,47,14
3538.0,17,60,39,6,26
3539.0,2,27,36,9,21
3540.0,13,3,45,15,14
3541.0,20,36,9,21,27
3542.0,55,10,24,61,58
3543.0,56,17,60,39,6
3544.0,17,60,39,6,26
3545.0,59,55,24,61,58
3546.0,55,10,61,23,42
3547.0,37,38,64,54,16
3548.0,2,20,27,36,21
3549.0,56,17,60,39,6
3550.0,56,17,60,6,26
3551.0,17,60,39,6,18
3552.0,37,64,54,16,32
3553.0,17,60,39,6,46
3554.0,56,17,39,6,46
3555.0,13,3,45,15,14
3556.0,37,38,64,54,16
3557.0,37,38,54,16,32
3558.0,56,17,60,39,41
3559.0,56,17,60,39,6
3560.0,55,10,24,61,58
3561.0,63,43,16,34,32
3562.0,2,27,36,9,21
3563.0,55,10,24,61,58
3564.0,59,55,10,24,61
3565.0,37,38,64,54,16
3566.0,17,39,6,46,26
3567.0,56,17,60,41,6
3568.0,59,55,10,24,61
3569.0,13,3,45,15,14
3570.0,55,10,24,61,58
3571.0,63,16,40,52,32
3572.0,56,17,39,6,46
3573.0,13,3,45,15,14
3574.0,56,17,60,39,6
3575.0,59,55,10,24,61
3576.0,59,24,10,61,23
3577.0,13,3,45,15,14
3578.0,39,6,26,18,66
3579.0,56,17,60,39,6
3580.0,2,20,27,36,9
3581.0,59,55,10,24,61
3582.0,56,17,60,6,26
3583.0,13,3,45,15,14
3584.0,56,39,4,46,26
3585.0,56,60,17,39,26
3586.0,56,17,60,39,18
3587.0,56,17,60,6,46
3588.0,20,36,9,21,8
3589.0,55,10,24,61,58
3590.0,20,27,36,9,21
3591.0,63,43,52,16,32
3592.0,13,3,45,15,14
3593.0,63,43,52,16,34
3594.0,37,38,54,16,32
3595.0,3,45,15,57,12
3596.0,17,39,6,26,18
3597.0,17,60,39,41,6
3598.0,20,27,36,9,21
3599.0,56,17,60,39,6
3600.0,56,17,60,39,6
3601.0,56,17,60,39,6
3602.0,11,8,29,65,22
3603.0,17,60,39,6,26
3604.0,17,39,6,26,18
3605.0,37,38,64,54,16
3606.0,59,55,24,61,58
3607.0,56,17,60,6,26
3608.0,17,60,39,6,26
3609.0,3,45,15,14,57
3610.0,59,55,10,61,58
3611.0,20,27,36,9,21
3612.0,56,17,60,39,6
3613.0,56,17,60,6,26
3614.0,63,43,52,16,32
3615.0,56,60,17,4,46
3616.0,13,3,45,15,14
3617.0,13,3,45,15,14
3618.0,13,3,45,15,14
3619.0,38,64,54,16,32
3620.0,17,60,39,6,26
3621.0,53,11,8,65,29
3622.0,56,17,39,4,26
3623.0,53,11,65,29,22
3624.0,56,17,60,6,41
3625.0,56,60,17,39,4
3626.0,56,17,60,6,46
3627.0,59,55,10,24,61
3628.0,24,61,10,25,58
3629.0,13,3,45,14,57
3630.0,17,60,39,6,46
3631.0,56,60,17,39,4
3632.0,56,17,60,39,6
3633.0,56,17,60,39,6
3634.0,17,39,6,46,26
3635.0,39,6,46,18,66
3636.0,55,10,24,61,58
3637.0,13,3,45,15,57
3638.0,2,20,27,36,21
3639.0,17,60,39,6,26
3640.0,3,45,14,12,13
3641.0,53,8,65,29,22
3642.0,13,3,45,15,14
3643.0,56,60,17,39,4
3644.0,17,60,39,6,26
3645.0,56,17,39,4,26
3646.0,15,3,47,45,14
3647.0,38,64,54,16,32
3648.0,10,24,61,58,23
3649.0,53,8,65,29,22
3650.0,2,27,36,9,21
3651.0,13,3,45,47,14
3652.0,60,17,39,4,66
3653.0,3,13,45,14,15
3654.0,59,55,10,24,61
3655.0,56,17,60,39,6
3656.0,56,17,60,6,26
3657.0,56,17,39,6,46
3658.0,63,43,52,16,34
3659.0,38,54,16,32,34
3660.0,17,60,39,6,26
3661.0,17,60,39,6,46
3662.0,11,8,65,29,22
3663.0,59,24,55,10,61
3664.0,13,3,45,15,57
3665.0,3,45,15,14,57
3666.0,60,39,6,26,18
3667.0,13,3,45,15,14
3668.0,2,20,36,9,27
3669.0,56,17,6,26,18
3670.0,56,17,60,39,6
3671.0,59,24,10,61,23
3672.0,13,3,45,57,47
3673.0,17,60,39,6,46
3674.0,37,38,64,54,16
3675.0,3,13,45,14,15
3676.0,13,3,45,15,14
3677.0,56,60,39,4,26
3678.0,13,45,14,57,33
3679.0,56,17,60,39,6
3680.0,8,65,29,22,1
3681.0,63,43,52,16,34
3682.0,13,45,15,14,57
3683.0,56,17,60,39,6
3684.0,56,17,60,6,18
3685.0,13,45,15,14,57
3686.0,56,17,60,39,6
3687.0,56,17,60,6,26
3688.0,56,17,39,41,6
3689.0,13,15,14,57,12
3690.0,56,17,60,39,41
3691.0,13,3,15,14,12
3692.0,20,27,36,9,21
3693.0,37,38,64,54,32
3694.0,56,60,17,39,4
3695.0,56,17,60,39,6
3696.0,56,17,60,39,6
3697.0,13,3,15,14,57
3698.0,56,60,17,39,4
3699.0,39,6,26,18,66
3700.0,56,17,60,39,6
3701.0,59,24,55,10,61
3702.0,56,17,39,6,26
3703.0,59,24,55,10,61
3704.0,2,27,36,21,11
3705.0,63,52,16,34,32
3706.0,38,64,54,16,32
3707.0,59,55,10,24,61
3708.0,3,45,15,14,12
3709.0,2,20,27,36,9
3710.0,64,54,16,32,34
3711.0,3,13,45,15,57
3712.0,56,17,60,39,6
3713.0,11,8,29,65,22
3714.0,53,8,29,65,1
3715.0,63,43,52,16,34
3716.0,39,6,46,18,66
3717.0,59,55,61,58,23
3718.0,59,55,10,24,61
3719.0,3,13,45,14,15
3720.0,53,11,8,65,29
3721.0,37,38,64,16,32
3722.0,56,17,39,6,26
3723.0,13,3,15,57,12
3724.0,56,17,60,39,6
3725.0,3,13,45,14,15
3726.0,59,55,10,24,61
3727.0,60,39,6,26,18
3728.0,13,3,45,15,14
3729.0,13,3,45,15,14
3730.0,17,39,6,46,26
3731.0,56,17,60,6,46
3732.0,56,17,60,41,6
3733.0,17,4,46,26,66
3734.0,56,60,17,39,4
3735.0,56,60,17,39,26
3736.0,38,64,54,16,32
3737.0,59,55,10,61,58
3738.0,56,60,17,39,4
3739.0,59,55,10,24,61
3740.0,56,39,4,26,66
3741.0,13,3,45,15,57
3742.0,2,20,27,36,9
3743.0,13,3,45,15,12
3744.0,53,11,8,29,65
3745.0,11,8,65,29,22
3746.0,59,55,10,24,61
3747.0,55,10,24,61,25
3748.0,17,60,39,6,26
3749.0,56,17,60,39,41
3750.0,53,11,8,29,65
3751.0,13,3,45,14,57
3752.0,39,6,26,18,66
3753.0,2,20,27,36,9
3754.0,56,60,39,4,46
3755.0,13,3,45,15,14
3756.0,13,3,45,15,14
3757.0,59,55,10,61,58
3758.0,17,60,39,6,26
3759.0,13,3,45,15,14
3760.0,15,3,47,12,13
3761.0,13,3,45,14,57
3762.0,3,13,45,15,14
3763.0,59,55,10,24,61
3764.0,59,55,10,24,61
3765.0,53,11,8,29,65
3766.0,63,43,52,16,34
3767.0,56,60,17,4,46
3768.0,59,55,10,24,61
3769.0,2,20,27,36,9
3770.0,56,60,17,4,46
3771.0,56,17,39,6,46
3772.0,17,60,39,6,46
3773.0,43,52,16,34,32
3774.0,17,39,6,26,18
3775.0,37,38,54,16,32
3776.0,17,6,26,18,66
3777.0,37,38,64,54,16
3778.0,59,55,10,24,61
3779.0,53,8,65,29,22
3780.0,2,20,27,36,9
3781.0,53,11,8,65,22
3782.0,56,17,60,6,46
3783.0,55,10,24,61,58
3784.0,53,11,8,65,29
3785.0,17,39,6,26,18
3786.0,56,17,60,39,6
3787.0,11,8,29,65,22
3788.0,56,17,60,39,6
3789.0,63,43,52,16,34
3790.0,3,45,15,14,57
3791.0,17,60,39,6,46
3792.0,59,55,10,61,23
3793.0,13,15,3,47,14
3794.0,56,17,4,26,66
3795.0,13,3,45,15,14
3796.0,2,20,27,36,9
3797.0,59,55,10,24,61
3798.0,17,39,6,26,18
3799.0,53,11,8,29,65
3800.0,59,55,10,24,61
3801.0,13,3,15,14,57
3802.0,38,64,54,16,32
3803.0,11,8,65,22,1
3804.0,56,60,39,4,26
3805.0,3,45,14,57,12
3806.0,17,39,6,46,18
3807.0,13,3,45,15,14
3808.0,17,60,39,6,26
3809.0,37,38,64,54,16
3810.0,53,8,65,29,22
3811.0,6,66
3812.0,56,17,60,39,6
3813.0,56,17,60,39,6
3814.0,13,3,45,15,14
3815.0,63,43,16,34,32
3816.0,63,43,52,16,34
3817.0,56,60,39,6,26
3818.0,63,43,16,34,32
3819.0,13,3,15,14,57
3820.0,17,60,6,46,26
3821.0,56,60,17,39,4
3822.0,56,60,17,39,4
3823.0,20,27,36,9,8
3824.0,56,17,60,39,6
3825.0,56,17,60,39,6
3826.0,56,17,60,39,46
3827.0,59,55,10,24,61
3828.0,56,17,60,39,6
3829.0,56,17,60,39,6
3830.0,55,10,24,61,58
3831.0,63,43,52,16,32
3832.0,59,55,10,24,61
3833.0,13,15,14,57,12
3834.0,56,17,60,39,41
3835.0,59,24,55,10,61
3836.0,56,60,17,39,4
3837.0,13,3,45,15,14
3838.0,59,10,24,25,58
3839.0,13,45,15,14,57
3840.0,56,17,39,41,6
3841.0,56,17,60,39,6
3842.0,37,64,54,16,34
3843.0,13,15,45,47,14
3844.0,56,17,60,6,18
3845.0,63,43,52,16,34
3846.0,63,43,52,16,34
3847.0,63,43,52,16,34
3848.0,56,17,39,46,26
3849.0,56,39,4,26,66
3850.0,56,17,60,39,6
3851.0,15,3,45,47,57
3852.0,56,17,60,39,6
3853.0,63,43,52,16,34
3854.0,37,38,64,54,16
3855.0,53,11,8,65,29
3856.0,63,43,16,40,52
3857.0,59,10,24,61,58
3858.0,56,60,17,39,4
3859.0,13,3,15,14,57
3860.0,53,11,8,65,29
3861.0,17,60,39,6,26
3862.0,15,47,45,14,12
3863.0,37,38,54,16,32
3864.0,56,17,60,39,6
3865.0,55,10,24,61,58
3866.0,59,55,10,61,25
3867.0,53,8,65,29,22
3868.0,17,60,6,46,26
3869.0,56,17,60,39,6
3870.0,56,17,60,39,6
3871.0,13,3,45,15,14
3872.0,37,38,64,54,16
3873.0,17,60,39,6,46
3874.0,56,17,60,39,6
3875.0,43,52,16,34,40
3876.0,38,64,54,16,32
3877.0,56,17,60,39,46
3878.0,3,45,15,14,57
3879.0,17,60,39,6,26
3880.0,64,54,16,32,34
3881.0,59,55,10,24,61
3882.0,3,45,15,14,12
3883.0,56,17,39,6,26
3884.0,55,10,24,61,58
3885.0,59,55,10,24,61
3886.0,59,55,10,61,58
3887.0,63,43,16,34,32
3888.0,17,60,39,6,46
3889.0,3,45,15,14,57
3890.0,13,3,45,15,14
3891.0,20,36,9,21,8
3892.0,56,17,60,39,26
3893.0,56,60,17,39,46
3894.0,55,10,24,61,23
3895.0,56,17,60,39,6
3896.0,13,3,45,14,57
3897.0,3,13,45,14,15
3898.0,11,8,29,65,22
3899.0,56,60,39,6,26
3900.0,17,6,26,18,41
3901.0,3,45,15,14,12
3902.0,59,55,10,61,58
3903.0,17,60,6,46,26
3904.0,39,6,26,18,66
3905.0,3,45,15,14,57
3906.0,55,10,61,58,23
3907.0,13,45,15,14,57
3908.0,56,60,4,46,26
3909.0,63,52,16,34,32
3910.0,13,3,45,15,14
3911.0,13,45,15,14,12
3912.0,3,13,45,14,57
3913.0,20,27,36,9,21
3914.0,56,17,39,6,26
3915.0,2,20,36,9,21
3916.0,13,3,45,15,57
3917.0,13,3,45,15,14
3918.0,63,43,52,34,32
3919.0,63,52,34,32,40
3920.0,59,55,24,61,58
3921.0,56,17,60,39,41
3922.0,56,17,60,39,6
3923.0,37,64,54,16,32
3924.0,59,10,24,61,58
3925.0,13,3,45,15,14
3926.0,17,60,39,6,26
3927.0,59,55,10,24,61
3928.0,59,55,10,24,25
3929.0,56,17,60,39,41
3930.0,3,45,15,14,57
3931.0,3,13,15,14,57
3932.0,56,17,60,39,6
3933.0,38,64,54,16,32
3934.0,53,11,8,65,29
3935.0,13,3,15,14,57
3936.0,39,6,26,18,66
3937.0,56,17,60,39,6
3938.0,63,43,52,16,32
3939.0,15,3,47,45,14
3940.0,56,17,60,41,6
3941.0,59,24,10,23,42
3942.0,56,17,60,39,6
3943.0,17,60,39,6,18
3944.0,59,55,24,61,58
3945.0,56,17,60,46,18
3946.0,17,39,6,26,18
3947.0,56,60,17,39,4
3948.0,13,3,45,14,57
3949.0,2,20,27,36,21
3950.0,17,60,39,6,46
3951.0,56,17,60,39,41
3952.0,56,60,17,39,4
3953.0,56,17,60,39,41
3954.0,59,24,55,10,23
3955.0,13,3,15,14,57
3956.0,59,55,24,61,58
3957.0,37,38,64,54,16
3958.0,56,17,60,39,41
3959.0,56,60,39,6,46
3960.0,60,39,6,46,26
3961.0,56,17,60,39,6
3962.0,56,60,17,39,4
3963.0,59,55,10,24,61
3964.0,56,17,39,41,6
3965.0,17,60,6,46,26
3966.0,13,3,45,14,57
3967.0,3,45,15,14,57
3968.0,13,3,45,15,14
3969.0,56,17,60,39,6
3970.0,56,17,39,6,26
3971.0,13,3,45,15,14
3972.0,56,17,60,39,6
3973.0,56,60,17,39,26
3974.0,59,55,10,24,61
3975.0,59,55,10,24,61
3976.0,64,54,16,32,34
3977.0,56,17,60,39,6
3978.0,55,10,24,61,58
3979.0,37,64,54,16,32
3980.0,60,6,46,26,18
3981.0,63,43,16,34,32
3982.0,11,8,65,29,22
3983.0,11,8,65,29,22
3984.0,59,55,10,24,61
3985.0,17,39,6,26,18
3986.0,56,17,60,39,6
3987.0,52,16,32,40,4
3988.0,59,24,55,10,23
3989.0,59,55,10,24,61
3990.0,59,55,10,24,25
3991.0,59,55,10,24,61
3992.0,13,3,45,15,57
3993.0,56,17,60,39,6
3994.0,56,17,60,39,6
3995.0,3,45,15,14,12
3996.0,56,17,60,39,6
3997.0,53,11,8,29,65
3998.0,56,17,60,39,6
3999.0,59,55,10,24,61
4000.0,59,55,10,24,61
4001.0,56,17,60,39,46
4002.0,20,27,36,9,21
4003.0,56,60,17,39,4
4004.0,64,54,16,32,34
4005.0,17,60,39,6,26
4006.0,37,64,54,16,32
4007.0,56,17,60,39,6
4008.0,17,60,39,6,26
4009.0,37,64,54,32,34
4010.0,56,17,60,39,6
4011.0,3,13,45,14,15
4012.0,2,20,27,36,9
4013.0,56,17,60,39,6
4014.0,59,10,24,61,58
4015.0,53,8,65,29,22
4016.0,56,17,60,6,26
4017.0,63,43,52,16,34
4018.0,13,3,45,14,12
4019.0,17,39,6,46,26
4020.0,60,39,6,18,46
4021.0,17,60,39,6,26
4022.0,56,60,17,39,4
4023.0,13,3,45,15,14
4024.0,56,17,60,39,6
4025.0,43,52,16,34,40
4026.0,15,3,45,47,14
4027.0,17,60,6,26,18
4028.0,59,24,55,10,61
4029.0,17,39,6,46,26
4030.0,15,3,47,14,57
4031.0,11,8,65,29,22
4032.0,56,17,60,6,46
4033.0,56,17,60,6,46
4034.0,56,17,60,39,6
4035.0,2,20,27,36,21
4036.0,56,17,6,26,18
4037.0,56,17,60,39,6
4038.0,59,24,55,10,61
4039.0,55,10,24,61,58
4040.0,63,43,52,34,32
4041.0,17,60,39,6,26
4042.0,53,11,8,29,65
4043.0,56,17,39,6,26
4044.0,60,39,6,26,18
4045.0,56,17,60,6,46
4046.0,13,3,45,15,14
4047.0,56,60,17,39,26
4048.0,56,17,60,39,6
4049.0,56,17,60,39,6
4050.0,59,24,55,10,61
4051.0,43,16,40,52,32
4052.0,13,3,45,15,14
4053.0,56,17,60,39,6
4054.0,60,39,6,26,18
4055.0,17,39,6,26,18
4056.0,56,60,6,46,26
4057.0,43,52,16,34,32
4058.0,63,43,52,16,34
4059.0,13,3,45,15,14
4060.0,56,17,60,41,18
4061.0,38,64,54,16,32
4062.0,17,60,39,6,26
4063.0,56,17,60,6,26
4064.0,13,45,15,14,57
4065.0,56,17,39,4,46
4066.0,56,17,60,39,6
4067.0,59,10,24,61,58
4068.0,56,17,39,6,46
4069.0,2,20,27,36,9
4070.0,56,17,60,39,6
4071.0,13,3,45,15,57
4072.0,63,52,16,34,32
4073.0,56,17,60,39,6
4074.0,17,60,39,6,46
4075.0,38,64,54,16,32
4076.0,56,17,60,39,6
4077.0,13,3,45,14,57
4078.0,17,60,39,6,18
4079.0,3,13,14,15,57
4080.0,3,45,14,57,12
4081.0,59,55,10,24,61
4082.0,63,34,32,4,5
4083.0,59,24,55,10,61
4084.0,56,17,39,6,46
4085.0,3,13,45,14,15
4086.0,2,20,27,36,9
4087.0,56,39,6,46,26
4088.0,56,17,60,39,26
4089.0,56,17,60,39,6
4090.0,56,17,60,39,6
4091.0,13,3,45,15,14
4092.0,56,17,60,39,6
4093.0,13,3,45,15,57
4094.0,59,10,24,61,58
4095.0,53,11,8,65,29
4096.0,56,60,17,39,26
4097.0,63,43,52,34,32
4098.0,56,17,60,39,6
4099.0,37,64,54,16,32
4100.0,13,3,45,15,14
4101.0,55,10,24,61,58
4102.0,13,3,45,15,57
4103.0,56,60,6,46,26
4104.0,63,43,52,16,34
4105.0,63,43,52,40,32
4106.0,56,17,39,4,26
4107.0,53,8,29,65,22
4108.0,63,52,16,34,32
4109.0,13,3,45,15,14
4110.0,56,17,60,6,46
4111.0,56,17,60,6,26
4112.0,56,17,60,39,6
4113.0,56,17,60,39,6
4114.0,56,60,26,18,66
4115.0,2,20,27,9,21
4116.0,56,17,60,39,6
4117.0,3,13,45,14,15
4118.0,56,60,17,39,46
4119.0,56,60,17,39,46
4120.0,43,52,16,34,32
4121.0,56,17,60,39,6
4122.0,55,24,61,58,23
4123.0,45,15,14,57,12
4124.0,13,3,15,14,57
4125.0,38,64,54,16,32
4126.0,60,39,6,46,26
4127.0,56,17,39,4,26
4128.0,59,24,55,61,23
4129.0,59,55,10,24,58
4130.0,13,3,15,14,57
4131.0,3,13,45,15,57
4132.0,56,60,39,6,26
4133.0,13,3,45,14,57
4134.0,38,64,54,16,32
4135.0,13,3,45,14,12
4136.0,17,60,39,41,6
4137.0,63,52,16,34,32
4138.0,59,55,61,24,58
4139.0,56,17,41,6,46
4140.0,59,55,61,24,25
4141.0,56,17,60,39,6
4142.0,37,38,64,54,16
4143.0,13,3,45,15,14
4144.0,37,38,64,54,16
4145.0,17,60,39,6,26
4146.0,13,3,45,15,57
4147.0,56,17,60,39,6
4148.0,56,17,39,4,26
4149.0,56,17,60,39,6
4150.0,59,55,10,24,61
4151.0,20,27,36,9,21
4152.0,20,21,9,8,11
4153.0,56,17,60,41,18
4154.0,37,38,64,54,16
4155.0,37,38,64,54,16
4156.0,59,55,10,24,61
4157.0,56,60,17,4,46
4158.0,56,17,39,6,26
4159.0,59,55,10,24,58
4160.0,56,60,17,39,46
4161.0,17,60,39,6,46
4162.0,17,60,39,6,46
4163.0,56,60,39,6,26
4164.0,59,55,10,24,61
4165.0,56,17,60,26,18
4166.0,56,17,60,39,6
4167.0,17,60,6,26,18
4168.0,13,3,45,15,14
4169.0,56,17,60,39,41
4170.0,17,60,39,6,26
4171.0,56,17,60,39,26
4172.0,56,17,60,39,6
4173.0,13,3,15,14,57
4174.0,59,55,10,24,61
4175.0,56,17,60,39,46
4176.0,56,60,17,39,26
4177.0,56,17,60,39,6
4178.0,56,17,60,39,6
4179.0,59,24,10,25,58
4180.0,56,17,60,39,6
4181.0,13,3,45,15,14
4182.0,63,43,16,34,32
4183.0,56,17,60,39,6
4184.0,15,3,45,47,14
4185.0,13,3,45,15,14
4186.0,11,8,65,29,22
4187.0,63,43,52,34,32
4188.0,38,64,54,16,32
4189.0,15,47,45,14,12
4190.0,60,18,26,66,7
4191.0,59,10,24,61,58
4192.0,37,38,64,54,16
4193.0,56,17,60,39,6
4194.0,56,17,60,6,26
4195.0,20,27,36,21,9
4196.0,63,43,52,16,34
4197.0,59,55,10,24,25
4198.0,63,43,52,16,34
4199.0,56,17,60,39,26
4200.0,56,17,60,6,18
4201.0,56,60,39,6,26
4202.0,63,52,16,34,32
4203.0,3,45,15,14,57
4204.0,20,27,36,9,21
4205.0,56,60,17,4,26
4206.0,13,3,45,15,14
4207.0,63,52,16,34,32
4208.0,63,52,16,34,32
4209.0,15,3,45,47,14
4210.0,59,55,10,24,61
4211.0,59,55,10,24,58
4212.0,17,39,6,26,18
4213.0,17,60,39,6,26
4214.0,11,8,65,29,22
4215.0,59,55,10,24,61
4216.0,56,17,39,6,46
4217.0,20,27,36,9,21
4218.0,56,60,17,39,4
4219.0,43,52,16,34,32
4220.0,56,17,39,6,46
4221.0,53,11,65,29,22
4222.0,17,60,39,6,26
4223.0,13,3,45,15,14
4224.0,38,64,54,16,32
4225.0,13,3,45,15,14
4226.0,13,3,45,15,14
4227.0,63,43,52,16,34
4228.0,3,13,45,15,14
4229.0,56,17,60,39,6
4230.0,56,39,6,26,18
4231.0,38,64,54,16,32
4232.0,20,36,9,21,27
4233.0,13,3,15,14,57
4234.0,56,17,60,39,41
4235.0,56,17,60,39,6
4236.0,55,24,61,58,23
4237.0,59,55,61,58,23
4238.0,38,64,54,16,32
4239.0,17,60,39,6,26
4240.0,56,17,60,39,6
4241.0,13,3,45,14,57
4242.0,56,17,6,26,18
4243.0,56,17,60,39,6
4244.0,13,3,45,15,14
4245.0,56,17,39,6,26
4246.0,53,8,65,29,22
4247.0,63,43,52,16,34
4248.0,13,3,45,15,12
4249.0,13,45,15,14,57
4250.0,56,60,17,39,4
4251.0,3,13,14,15,57
4252.0,59,55,10,61,58
4253.0,2,20,27,36,9
4254.0,17,60,39,41,6
4255.0,56,60,17,39,26
4256.0,64,54,16,32,34
4257.0,43,52,16,34,32
4258.0,17,60,39,6,18
4259.0,56,17,60,39,41
4260.0,13,3,45,15,14
4261.0,11,8,65,22,1
4262.0,37,38,54,16,32
4263.0,17,39,46,26,18
4264.0,17,60,39,6,26
4265.0,56,17,60,39,6
4266.0,56,60,17,39,4
4267.0,59,55,10,24,61
4268.0,63,43,52,16,34
4269.0,63,43,52,16,34
4270.0,63,43,52,16,34
4271.0,3,15,14,57,12
4272.0,56,17,60,39,6
4273.0,3,45,15,14,57
4274.0,15,3,45,47,14
4275.0,59,10,24,61,58
4276.0,56,17,60,39,6
4277.0,56,17,60,39,6
4278.0,63,43,16,34,32
4279.0,13,3,45,14,57
4280.0,63,52,16,34,32
4281.0,2,20,27,36,9
4282.0,56,17,60,39,6
4283.0,56,17,60,39,6
4284.0,17,60,39,6,26
4285.0,56,60,17,39,4
4286.0,56,17,60,39,6
4287.0,56,60,17,39,4
4288.0,56,60,39,6,46
4289.0,3,45,15,14,57
4290.0,56,17,60,39,26
4291.0,17,60,39,6,26
4292.0,11,8,29,22,1
4293.0,56,17,39,6,26
4294.0,13,3,45,15,14
4295.0,55,10,24,61,58
4296.0,56,17,60,39,6
4297.0,37,38,64,54,16
4298.0,56,17,60,39,46
4299.0,56,60,39,6,26
4300.0,2,20,27,9,21
4301.0,17,60,39,6,26
4302.0,59,55,10,24,61
4303.0,63,52,16,34,32
4304.0,63,43,52,32,34
4305.0,20,36,9,21,27
4306.0,38,64,54,16,32
4307.0,56,17,60,39,41
4308.0,56,17,60,39,6
4309.0,56,6,26,18,66
4310.0,56,17,60,39,6
4311.0,17,60,39,6,26
4312.0,13,3,45,15,14
4313.0,38,64,54,16,32
4314.0,59,55,10,24,61
4315.0,17,60,39,6,26
4316.0,60,39,4,26,66
4317.0,17,60,39,6,26
4318.0,63,43,52,16,34
4319.0,59,55,24,58,23
4320.0,56,17,60,39,46
4321.0,63,43,52,34,32
4322.0,55,10,24,61,58
4323.0,13,3,45,14,57
4324.0,17,60,39,6,26
4325.0,38,64,54,16,32
4326.0,56,17,60,39,41
4327.0,56,17,60,39,41
4328.0,55,10,24,61,58
4329.0,17,39,6,46,26
4330.0,63,52,16,34,32
4331.0,59,55,10,24,61
4332.0,2,20,27,36,21
4333.0,53,11,8,65,29
4334.0,63,52,16,34,32
4335.0,53,8,65,29,22
4336.0,53,11,8,65,29
4337.0,20,27,36,9,21
4338.0,20,27,36,9,21
4339.0,17,60,39,6,26
4340.0,56,17,60,39,6
4341.0,13,15,3,45,47
4342.0,13,45,15,14,57
4343.0,56,60,39,6,26
4344.0,37,38,64,32,34
4345.0,3,45,15,14,57
4346.0,63,43,52,16,34
4347.0,55,10,24,61,58
4348.0,56,17,60,39,6
4349.0,38,64,54,16,32
4350.0,56,60,17,39,4
4351.0,39,6,26,18,66
4352.0,13,3,15,14,57
4353.0,56,60,39,4,26
4354.0,59,55,10,24,61
4355.0,56,17,60,39,6
4356.0,13,3,45,15,57
4357.0,56,17,60,39,6
4358.0,17,60,39,6,26
4359.0,56,60,17,39,26
4360.0,59,55,10,61,24
4361.0,13,3,45,15,14
4362.0,53,11,8,65,29
4363.0,17,39,6,26,18
4364.0,56,39,6,46,26
4365.0,56,17,60,39,6
4366.0,56,60,17,39,4
4367.0,60,17,39,4,46
4368.0,15,3,45,47,14
4369.0,56,60,17,39,4
4370.0,56,60,17,39,4
4371.0,56,17,60,39,6
4372.0,13,3,45,15,14
4373.0,2,20,27,36,9
4374.0,13,3,45,15,14
4375.0,56,17,60,39,6
4376.0,15,3,45,47,14
4377.0,43,52,16,34,32
4378.0,38,64,54,16,32
4379.0,56,60,39,6,46
4380.0,59,55,10,24,61
4381.0,53,8,65,29,22
4382.0,17,60,39,6,46
4383.0,37,64,54,16,32
4384.0,56,60,17,39,4
4385.0,59,55,10,24,61
4386.0,53,11,8,65,22
4387.0,59,55,61,24,25
4388.0,56,17,60,39,6
4389.0,56,17,60,39,6
4390.0,56,17,60,26,18
4391.0,56,17,60,39,6
4392.0,38,64,54,16,32
4393.0,55,10,24,61,58
4394.0,56,60,39,6,26
4395.0,56,17,6,18,41
4396.0,56,17,39,6,26
4397.0,56,17,39,41,6
4398.0,38,64,54,16,32
4399.0,59,55,10,24,61
4400.0,55,24,61,58,23
4401.0,13,3,45,15,14
4402.0,17,60,39,6,46
4403.0,56,60,6,26,18
4404.0,2,20,27,36,21
4405.0,2,20,27,36,9
4406.0,56,17,60,6,46
4407.0,56,17,60,39,6
4408.0,59,55,10,24,25
4409.0,56,17,60,39,6
4410.0,53,11,8,29,65
4411.0,53,11,8,29,22
4412.0,17,39,6,46,26
4413.0,17,60,39,6,18
4414.0,56,60,17,39,4
4415.0,56,17,60,39,6
4416.0,45,15,14,57,12
4417.0,56,17,60,39,41
4418.0,17,60,39,41,6
4419.0,56,60,17,39,4
4420.0,56,17,60,39,6
4421.0,56,17,60,39,6
4422.0,56,17,39,4,26
4423.0,56,60,39,6,46
4424.0,59,55,24,61,58
4425.0,3,13,45,15,57
4426.0,38,64,54,16,34
4427.0,63,43,52,16,34
4428.0,56,17,60,6,46
4429.0,17,60,39,6,26
4430.0,37,38,54,16,32
4431.0,59,55,10,24,58
4432.0,2,20,27,36,21
4433.0,59,10,24,61,58
4434.0,56,17,60,39,46
4435.0,56,60,17,39,4
4436.0,17,60,39,6,26
4437.0,56,17,39,46,26
4438.0,60,39,6,46,26
4439.0,59,55,10,24,61
4440.0,53,11,8,65,29
4441.0,63,43,16,34,40
4442.0,56,60,17,39,4
4443.0,56,60,39,6,26
4444.0,56,17,60,39,6
4445.0,39,4,46,66,6
4446.0,53,8,65,22,1
4447.0,56,17,60,39,6
4448.0,15,47,45,14,12
4449.0,2,20,27,9,21
4450.0,64,54,16,32,34
4451.0,37,38,64,54,16
4452.0,53,11,8,29,65
4453.0,59,24,55,10,61
4454.0,56,17,39,41,46
4455.0,56,17,60,6,26
4456.0,63,43,52,34,32
4457.0,13,3,45,15,14
4458.0,17,39,6,26,18
4459.0,13,3,45,15,14
4460.0,13,3,45,15,14
4461.0,59,55,24,61,58
4462.0,13,3,45,15,14
4463.0,43,52,16,34,32
4464.0,38,64,54,16,32
4465.0,13,3,45,15,14
4466.0,56,17,60,39,6
4467.0,56,17,60,6,26
4468.0,56,17,60,6,26
4469.0,56,17,60,39,6
4470.0,56,17,60,6,46
4471.0,59,55,10,24,61
4472.0,39,6,26,18,66
4473.0,11,8,29,65,22
4474.0,13,3,45,15,14
4475.0,56,17,60,39,6
4476.0,56,17,60,39,6
4477.0,59,55,24,61,58
4478.0,56,60,39,6,46
4479.0,13,3,45,15,14
4480.0,17,39,6,26,18
4481.0,59,55,10,24,61
4482.0,2,20,36,9,21
4483.0,17,60,39,6,26
4484.0,13,45,15,57,47
4485.0,60,39,6,46,26
4486.0,17,4,26,66,6
4487.0,56,17,60,39,6
4488.0,56,17,60,39,6
4489.0,63,43,52,16,34
4490.0,56,17,60,39,6
4491.0,2,20,36,9,21
4492.0,56,17,60,39,6
4493.0,56,17,60,6,26
4494.0,53,11,8,65,29
4495.0,13,3,45,14,57
4496.0,56,17,60,39,6
4497.0,17,60,6,26,18
4498.0,56,60,17,39,4
4499.0,17,60,39,6,26
4500.0,17,60,39,6,26
4501.0,56,39,6,26,18
4502.0,56,60,17,39,4
4503.0,17,60,39,41,6
4504.0,13,3,45,15,14
4505.0,17,60,39,6,18
4506.0,17,6,46,26,18
4507.0,59,10,24,61,25
4508.0,56,17,60,39,6
4509.0,13,3,45,15,14
4510.0,53,11,8,29,22
4511.0,17,60,39,6,46
4512.0,56,17,60,6,26
4513.0,13,3,45,15,14
4514.0,17,60,39,6,46
4515.0,53,11,8,29,22
4516.0,13,15,3,45,47
4517.0,17,39,4,26,66
4518.0,3,13,45,15,57
4519.0,59,55,10,24,61
4520.0,37,64,54,16,32
4521.0,63,52,16,34,32
4522.0,38,64,54,16,32
4523.0,56,17,60,39,6
4524.0,63,43,52,16,34
4525.0,17,60,39,6,46
4526.0,17,39,6,18,26
4527.0,59,55,10,24,61
4528.0,56,17,60,39,6
4529.0,11,8,65,29,22
4530.0,38,64,54,16,32
4531.0,13,3,45,15,14
4532.0,38,64,54,16,32
4533.0,13,3,15,14,57
4534.0,56,17,39,6,46
4535.0,59,10,24,61,58
4536.0,63,43,52,34,32
4537.0,11,8,29,22,1
4538.0,39,6,46,26,18
4539.0,63,43,52,16,34
4540.0,56,17,60,39,6
4541.0,56,60,39,6,46
4542.0,39,6,26,18,66
4543.0,20,27,36,21,9
4544.0,2,20,9,21,8
